ID,Name,Text,Field (13 gods),Field (11 gods),Field (4 thematics),Field (3 thematics),Keywords,type,Main ,Second,Illustration,,Illustration source,Other names or spelling,Submission relationship (son/daughter of OR killed by),Submission count,Equal relationship (sister/brother OR cooperation/help from),"Equal relationship + Union (Married to, sexual relation with)",Authority on (father/mother of OR killed),Authority count,Aspects (other gods that can change into or him/her or share similar domains),,"Localisation. ""()"" = non aztec origin"
acuecucyoticihuati,Acuecucyoticihuati,"Aquatic nagual of Chalchiuhtlicue. Goddess of the running water in rivers, streams and waves on the beach. Women in childbirth cry out to her for relief from their pains. ",Fertility,Fertility,life,life/death,"water, nature, sea, child, birth, river, wave",secondary,,"tlaloc, tlaltecuhtli",yes,,Codex Borbonicus,"Ahuic, Acuecueyotl, Acuecueyotlcihuatl",,0,,Xiuhtecuhtli,,0,Chalchiuhtlicue,,
acxomocuil,Acxomocuil,"God of merchants, pulque and sex. Like Tezcatlipoca, he's represented with a snake in place of his foot.","pleasure, trade, excess","pleasure, trade, excess","spiritual expansion, material expansion","spiritual expansion, material expansion","trade, wine, alcohol, sex",secondary,,"yacatecuhtli, tezcatlipoca",yes,,Codex Fejervary-Mayer,Xomocuil,,0,,,,0,"Tezcatlipoca, Yacatecuhtli",,
ahkinshok,Ahkinshok,"Guardian of the Bees, Owner of the days or Spirit of the new fire. Linked to the mayan god Xmulzencab.",susbistence,susbistence,life,life/death,"nature, animals, earth, bees, honey, food, fire, bee",secondary,,Xiuhtecuhtli,yes,,Source unknown,"Xmulzencab, Ah-Muzen-Cab",,0,,,,0,Xiuhtecuhtli,,
ahuitzotl,Ahuitzotl,"Mix between an otter, a monkey and a dog. He was feared due to his liking of human flesh, especially nails, eyes and teeth. He used the hand on his tail to drown fishermen.","destruction, death, fertility, hunting","destruction, death, fertility, hunting","death, life",life/death,"water, nature, monster, dog, monkey, animal, beaver, otter",secondary,,tlaloc,yes,,Codex Mendoza,,"Tlaloc, Chalchiuhtlicue",2,,,,0,Tlaloc,,
amapan,Amapan,"Patron deity of tlachtli, an Aztec game where the ball represented the sun. Servant of Huitzilopochtli, Amapan is also associated with warfare.","pleasure, war","pleasure, war","material expansion, spiritual expansion","material expansion, spiritual expansion","pleasure, war, game, ball",secondary,,huitzilopochtli,yes,,Codex Borgia,,Huitzilopochtli ,1,"Painal, Uappatzin",,,0,Huitzilopochtli,,
amimitl,Amimitl,"Patron deity of the Otomi's city of Cuitlahuac, he's a minor god of lakes and fish hunters and aspect of Mixcoatl.",hunting,hunting,"material expansion, life","material expansion, life/death","water, hunting, fish, fishing, food, lake",secondary,,"mixcoatl, yacatecuhtli, huitzilopochtli",yes,,Primeros Memoriales,"Amhimitl, Opochtli",Mixcoatl,1,"Atlaua, Opochtli",,,0,"Opochtli, Mixcoatl, Huitzilopochtli, Yacatecuhtli",,"Cuitlahuac (actual Tláhuac) una isla del lago Chalco, Chichemec god"
atlacoya ,Atlacoya ,"Goddess of drought and barren land, associated with the worship of pulque. She represents austerity and despair.","death, excess, destruction","death, excess, destruction",death,life/death,"water, death, pulque, alcohol, fertility, drought, despair, austerity",secondary,,tlaloc,yes,,Codex Telleriano Remensis,Atlcahualo,,0,,,,0,Chalchiuhtlicue,,
atlaua,Atlaua,Minor god of the domesticated aquatic fowl who protects fishermen and archers. His nahual is the quetzal bird.,hunting,hunting,"material expansion, life","material expansion, life/death","water, hunting, sacrifice, south, fish, arrows, weapon, death, fishermen, bow",secondary,,"mixcoatl, quetzalcoatl, tlaloc",yes,,Florentine Codex,"Atlahua, Ahtlahuah",,0,"Opochtli, Amimitl",,,0,"Quetzalcoatl, Tlaloc, Mixcoatl",,dieu de la guerre des Huexotzinca et des Tlaxcalteca
azcatl,Azcatl,"Red ant which helped Quetzalcoatl to gather maize, hidden inside a mountain, to feed the gods and humankind.","subsistence, knowledge","subsistence, knowledge","life, spiritual expansion","life/death, spiritual expansion","nature, animals, fertility, ant, food, maize, earth, animal",secondary,,quetzalcoatl,yes,,Source unknown,,,0,Quetzalcoatl,,,0,,,
camaxtli,Camaxtli,"Tlaxcaltec creator god of hunting, war, fire, fate and hope. His cult merged with Huitzilopochtli.","hunting, craft, war","hunting, trade, war","material expansion, life","material expansion, life/death","war, hunting, fire, fate, hope, sun, primordial, celestial, night",secondary,,"mixcoatl, huitzilopochtli, ometeotl, xipe totec",yes,,Codex Ramirez,"Yemaxtli, Tlaclau-queteztzatlipuca, Camaxtle, Tlatlauhca","Tonacatecuhtli, Tonacacihuatl ",2,,,Quetzalcoatl ,1,"Mixcoatl, Xipe Totec, Huitzilopochtli",,"Chichimeque, Huexotzingo, Tlaxcala, Tlaxcaltecas"
ce_calli,Ce Calli,"One of the Cihuateteo, the warriors spirits of women who died in childbirth. They accompanied the sun from noon till sundown. Feared, they are also associated with lust and filth.","fertility, death, destruction, pleasure","fertility, death, destruction, pleasure","life, death, spiritual expansion","life/death, spiritual expansion","child, death, birth, spirits, west, fertility, lust, excess",secondary,,tlaltecuhtli,yes,,Codex Aubin,,"Coatlicue, Tezcatlipoca, Itzpapalotl, Tlazolteotl ",4,"Tzitzimitl, Tzitzimime, Tlazolteotl, Coatlicue, Tlaltecuhtli, Chimalma, Mayahuel, Cihuapipiltzin",Macuil Xochitl,,0,"Coatlicue, Tlaltecuhtli",,
ce_cuauhtli,Ce Cuauhtli,"One of the Cihuateteo, the warriors spirits of women who died in childbirth. They accompanied the sun from noon till sundown. Much feared, they are also associated with lust and filth.","fertility, death, destruction, pleasure","fertility, death, destruction, pleasure","life, death, spiritual expansion","life/death, spiritual expansion","child, death, birth, spirits, west, fertility, lust, excess",secondary,,tlaltecuhtli,yes,,Codex Aubin,,"Coatlicue, Tezcatlipoca, Itzpapalotl, Tlazolteotl ",4,"Tzitzimitl, Tzitzimime, Tlazolteotl, Coatlicue, Tlaltecuhtli, Chimalma, Mayahuel, Cihuapipiltzin",Macuil Cozcacuahtli ,,0,"Coatlicue, Tlaltecuhtli",,
ce_mazatl,Ce Mazatl,"One of the Cihuateteo, the warriors spirits of women who died in childbirth. They accompanied the sun from noon till sundown. Much feared, they are also associated with lust and filth.","fertility, death, destruction, pleasure","fertility, death, destruction, pleasure","life, death, spiritual expansion","life/death, spiritual expansion","child, death, birth, spirits, west, fertility, lust, excess",secondary,,tlaltecuhtli,yes,,Codex Aubin,,"Coatlicue, Tezcatlipoca, Itzpapalotl, Tlazolteotl ",4,"Tzitzimitl, Tzitzimime, Tlazolteotl, Coatlicue, Tlaltecuhtli, Chimalma, Mayahuel, Cihuapipiltzin",Macuil Cuetzpalin ,,0,"Coatlicue, Tlaltecuhtli, Xochiquetzal",,
ce_ozomatli,Ce Ozomatli,"One of the Cihuateteo, the warriors spirits of women who died in childbirth. They accompanied the sun from noon till sundown. Feared, they are also associated with lust and filth.","fertility, death, destruction, pleasure","fertility, death, destruction, pleasure","life, death, spiritual expansion","life/death, spiritual expansion","child, death, birth, spirits, west, fertility, lust, excess",secondary,,tlaltecuhtli,yes,,Codex Aubin,,"Coatlicue, Tezcatlipoca, Itzpapalotl, Tlazolteotl ",4,"Tzitzimitl, Tzitzimime, Tlazolteotl, Coatlicue, Tlaltecuhtli, Chimalma, Mayahuel, Cihuapipiltzin",Macuil Tochtli,,0,"Coatlicue, Tlaltecuhtli",,
ce_quiahuitl,Ce Quiahuitl,"One of the Cihuateteo, the warriors spirits of women who died in childbirth. They accompanied the sun from noon till sundown. Much feared, they are also associated with lust and filth.","fertility, death, destruction, pleasure","fertility, death, destruction, pleasure","life, death, spiritual expansion","life/death, spiritual expansion","child, death, birth, spirits, west, fertility, lust, excess",secondary,,tlaltecuhtli,yes,,Codex Aubin,,"Coatlicue, Tezcatlipoca, Itzpapalotl, Tlazolteotl ",4,"Tzitzimitl, Tzitzimime, Tlazolteotl, Coatlicue, Tlaltecuhtli, Chimalma, Mayahuel, Cihuapipiltzin",,,0,"Coatlicue, Tlaltecuhtli",,
centeotl,Centeotl,"Olmec, Totonac and Mayan god of fertility. Gender-fluid entity revered by maize farmers and midwives.","fertility, subsistence","fertility, subsistence",life,life/death,"fertility, maize, medecine, birth, food, alcohol, pulque, celestial, dance, music, excess, art, sport, fun, herbs, trade",secondary,,"mayahuel, tlaloc, quetzalcoatl, xipe totec, tlaltecuhtli, huitzilopochtli, xochiquetzal",yes,,Codex Borgia,"Cinteotl, Centeocihuatl, Centeal, Centeotltecutli, Cexochitl, Icnopiltzin, Tlatlauhquicenteotl, Tonacajoha, Tonacayohua, Tzinteotl, Xoxouhquicenteotl, Civeles, Temazcalteci. ToNantzin, Cinteotle, Centeocihuati, Cinteotlcihuatl, Cintéotltecuhtli, Cinteohuatl, Cintecutli, Iztaccenteotl","Tlazolteotl, Piltzintecuhtli, Xochiquetzal, Xochipilli, Teteo Innan, Patecatl, Quetzalcoatl, Tonatiuh",8,"Tlazolteotl, Chicomecoatl, Itztlacoliuhqui","Chicomecoatl, Xochiquetzal",Ilancueye,1,"Tlaloc, Chicomecoatl, Quetzalcoatl, Xipe Totec, Chalchiuhtlicue, Tonatiuh, Xilonen, Xochipilli, Yacatecuhtli",,"Olmeque, maya, totonaque"
centzon_huitznahua,Centzon Huitznahua,"Southern star gods. With Coyolxauhqui, their sister, they tried to kill their mother, Coatlicue. Huitzilipochtli massacred them, symbolizing the sunrise and the disappearance of the stars.","fertility, destruction, death","fertility, destruction, death","life, death",life/death,"celestial, star, moon, sun, night, south, sunrise",secondary,,"tlaltecuhtli, huitzilopochtli, ometeotl",yes,,Florentine Codex,"Centzon Huitznauhtin, Centzonuitznaua, Centzon Huitznahuac, Centzonhuitznahua, Cuahuitlicac, Quauitlicac","Coatlicue, Ometeotl, Mixcoatl, Ometecuhtli, Omecihuatl",5,"Coyolxauhqui, Huitzilopochtli, Malinalxochi",,,0,,,
chalchiuhtecolotl ,Chalchiuhtecolotl ,"Night owl god with fire eyes. Associated with magic and sorcery, he's an aspect or nahual of Tezcatlipoca.","magic, death","knowledge, death","spiritual expansion, death","spiritual expansion, life/death","death, night, animals, magic, sorcery, owl",secondary,,"tezcatlipoca, mictlantecuhtli",yes,,Codex Laud,"Tlacatecolotl, Techlotl ","Tezcatlipoca, Mictlantecuhtli ",2,,,,0,"Tezcatlipoca, Mictlantecuhtli ",,
chalchiuhtlatonac ,Chalchiuhtlatonac ,"Aspect of the water goddess Chalchiuitlicue, which means “She who shines like jade.” She's also a protector for midwives.",fertility,fertility,life,life/death,"water, fertility, sea, birth",secondary,,"tlaloc, xochiquetzal",yes,,Codex Vaticanus,,,0,"Chalchiuhtlicue, Tlaloc",Tlaloc,,0,"Xochipilli, Chalchiuhtlicue",,Toltec
chalchiuhtlicue,Chalchiuhtlicue,"Goddess of water, especially running streams, lakes and ocean. Married to Tlaloc (who control the rain from the sky), she's also a patron of birth.",fertility,fertility,life,life/death,"nature, fertility, water, rain, storm, birth, travel, sea, trade, lake, ocean",secondary,,"tlaloc, ometeotl, xochiquetzal, xiuhtecuhtli, mayahuel",yes,,Codex Borbonicus,"Chalciuhtlicue, Chalchihuitlicue, Chalchiuhcueyeh, Chalchihcueye, Xalxitlikue, Xoxouhqui Ihuipil, Xoxouhqui Icue, Chalchiuh Tlatonac, Chicomecóatl, Chalchiuhicueye, Chalchiuhtlicue, Atl, Matlalcueye, Xixiquipilihui, Matlolcueitl, Chalchiuhtlatonac ","Ometecuhtli, Omecihuatl, Ometeotl",3,"Itzaccihuatl, Nappatecuhtli, Chicomecoatl, Yohualticitl, Huixtocihuatl, Xilonen, Xochiquetzal, Chalchiuhtlatonac","Tlaloc, Xiuhtecuhtli, Huehueteotl","Huixtocihuatl, Tecciztecatl, Tlaloque, Nappatecuhtli, Yauhqueme, Tecciztecatl, Opochtli, Tomiyauhtecuhtli, Ahuitzotl",9,"Matlalcueitl, Itzaccihuatl, Acuecucyoticihuati, Centeotl, Yohualticitl, Xilonen, Huixtocihuatl, Ayauhteotl, Atlacoya, Chicomecoatl, Chalchiuhtlatonac, Coatlicue, Tzapatlan Tenen",,Tezcoco
chalchiutotolin,Chalchiutotolin,"God of pestilence, disease, disorder, chaos and mystery. This aspect of Tezcatlipoca, depicted as a turkey, cleanses humans of contamination, absolves them of guilt, and helps them to overcome their fate.","magic, destruction, death","knowledge, destruction, death","life, spiritual expansion, death","life/death, spiritual expansion","illness, death, disorder, chaos, fate, magic, disease, destruction, evil, animal, guilt",secondary,,"tezcatlipoca, quetzalcoatl, mayahuel",yes,,Codex Borgia,Chalchihuihtotolin,"Tezcatlipoca, Quetzalcoatl",2,"Macuil Cozcacuahtli, Macuil Cuetzpalin, Macuil Malinalli, Macuil Ocelotl, Macuil Tochtli, Macuil Xochitl",,,0,Tezcatlipoca,,
chalmecacihuatl ,Chalmecacihuatl ,Minor goddess of the underworld and sacrifices and wife of Tzontemoc or Chalmecatecuhtli. She can be depicted as a massive snake guarding the Mictlan.,"death, destruction","death, destruction",death,life/death,"death, underworld, sacrifice, snake, animal",secondary,,"mictlantecuhtli, yacatecuhtli, tlaltecuhtli, ometeotl",yes,,Codex Aubin,"Chalmecacihuilt, Chalmeccacihuatl, Chalmecatl, Chalmecatecuchtli, Chachalmecacihuatl, Chalmeca ciuatl",Mictlantecuhtli,1,"Yacatecuhtli, Coyotlinaual",Chalmecatecuhtli,,0,"Mictlancihuatl, Tlazolteotl, Omecihuatl",,"mayan, Tenoch"
chalmecatecuhtli,Chalmecatecuhtli,"God of sacrifice, ruler of one of the nine levels of the underworld. He is closely related to Mictlantecuhtli.","death, destruction","death, destruction",death,life/death,"death, underworld, sacrifice",secondary,,"mictlantecuhtli, ometeotl",yes,,Codex Aubin,,,0,,Chalmecacihuatl,,0,"Ometecuhtli, Mictlantecuhtli,",,
chantico,Chantico,"Goddess of hearth, volcanic fires and personal treasure, she's also a patron of goldsmiths. She was transformed into a dog by Tonacatecuhtli for breaking fast during a religious celebration.","craft, trade, fertility","hunting, trade, war","material expansion, life","material expansion, life/death","nature, fertility, war, fire, gold, trade, animal, hearth, volcano, craft, dog",secondary,,"tlaltecuhtli, xiuhtecuhtli, ometeotl, quetzalcoatl",yes,,Codex Borgia,"Chicomexochitl, Chalchiuhcihuatl, Xantico","Tonacatecuhtli, Tonacacihuatl ",2,,Xiuhtecuhtli,Xolotl,1,"Coatlicue, Chiconahui Itzcuintli, Cuaxolotl, Quilaztli",,Xochimilco
chicomecoatl ,Chicomecoatl ,"Depicted as a young girl, she's a goddess of nourishment and agriculture, especially maize and peas.","fertility, subsistence","fertility, subsistence",life,life/death,"fertility, maize, food, wealth, sacrifice, agriculture",secondary,,"tlaloc, huitzilopochtli, mayahuel, tezcatlipoca",yes,,Codex Fejervary-Mayer,"Chiutcoatl, Chicomeccatl, Chicomexochitl, or Chalchiuhcihuatl, Xilonen, Chicomolotzin, Chicomecohuati, Chicome Coatl",,0,"Tlaloc, Huitzilopochtli, Centeotl, Chalchiuhtlicue, Yohualticitl","Tezcatlipoca, Centeotl, Tlaloc",Tezcatlipoca,1,"Centeotl, Xilonen, Chalchiuhtlicue, Ilamacihuatl, Yohualticitl",,Valley of Mexico
chicome_xochitl,Chicome Xochitl,"Nagual of Xochipilli and god of writing, painting and song, as well as of hallucinogenic plants.","knowledge, pleasure, excess, craft","knowledge, pleasure, excess, trade",spiritual expansion,spiritual expansion,"writing, painting, song, art, plants, drugs",secondary,,"xochiquetzal, mayahuel",yes,,Codex Fejervary-Mayer,chicomexochitl,,0,,,,0,Xochipilli,,
chiconahui_ehecatl,Chiconahui Ehecatl,"Creator god of minor importance, similar to the four Tezcatlipocas. Second sun in the aztec cosmology, nagual of Ehecatl. ",fertility,fertility,life,life/death,"primordial, creation, sun, wind",secondary,,"Quetzalcoatl, Tezcatlipoca, Huitzilopochtli, Xipe Totec",yes,,Codex Borbonicus,"Chiucnahui Eecatl, Chiconahuiehecatl, Nahui Ehecatl",,0,Tonatiuh,,,0,"Tezcatlipoca, Quetzalcoatl, Huitzilopochtli, Xipe Totec, Ehecatl",,
chiconahui_itzcuintli,Chiconahui Itzcuintli,"Goddess of gem makers, associated with Chantico and Xiuhtecuhtli.",craft,trade,material expansion,material expansion,"lapidary, stone, death, craft, gem maker",secondary,,"xiuhtecuhtli, yacatecuhtli",yes,,Codex Telleriano Remensis,"Tloxipeuhca, Chicoahui Itzcuintli-Chantico, Chiucnahui itzcuintli, Tlappapalo, Papaloxahual",,0,,Xiuhtecuhtli,,0,"Chantico, Yacatecuhtli",,
chimalma,Chimalma,"Fertility goddess, patron of life and death. She's one of the mother of Quetzalcoatl and wife of Mixcoatl who accompanied the Azteca from Aztlan.","fertility, death","fertility, death","life, death",life/death,"fertility, life, death, rebirth, birth, primordial, youth, purity",secondary,,"tlaltecuhtli, mixcoatl, quetzalcoatl, huitzilopochtli",yes,,Codex Laud,"Chimalman, Chimamatl","Huitzilopochtli, Tlaltecuhtli",2,"Coatlicue, Ce Calli, Ce Cuauhtli, Ce Mazatl, Ce Ozomatli, Tlazolteotl","Mixcoatl, Xipe Totec","Quetzalcoatl, Coatlicue, Itzpapalotl, Tezcatlipoca",4,Coatlicue,,Tolteque ?
cihuapipiltzin,Cihuapipiltzin,Goddess who watches over crossroads and attacks men. Embodiment of women who die in childbirth. ,"destruction, death, fertility","destruction, death, fertility","death, life",life/death,"death, child, travel, minor, birth, monster",secondary,,tlaltecuhtli,yes,,Primeros Memoriales,"Cihuapipiltin, Cihuapilli",,0,"Ce Calli, Ce Cuauhtli, Ce Mazatl, Ce Ozomatli",,,0,,,
cihuateteo,Cihuateteo (group of divinity. I'll switch it with the 5 goddess),"Spirits of high-ranking women who've died during childbirth. They accompanied the sun from noon till sundown. Feared, they are also associated with lust and filth.",,,,,"child, death, birth, spirits, west, fertility, lust excess",secondary,,"tlaltecuhtli, huitzilopochtli, tezcatlipoca, mayahuel",yes,,Codex Borgia,"Cituateteo, Civatateo, Chiuateteto, Cihuapipiltin, Cihuateteoh","Coatlicue, Tezcatlipoca, Itzpapalotl, Tlazolteotl ",,"Tzitzimitl, Cihuatecayotl, Tzitzimime, Tlazolteotl, Coatlicue, Tlaltecuhtli, Chimalma, Mayahuel","Ahuiateteo, Macuil Cozcacuahtli, Macuil Cuetzpalin, Macuil Malinalli, Macuil Ocelotl, Macuil Tochtli, Macuil Tochtli, Macuil Xochitl, Cihuapipiltzin",,,Coatlicue,,
cipactli,Cipactli,"Primordial earth, symbolised by a monstruous caiman. Tezcatlipoca and Quetzalcoatl dismembered it to create the earth and sky. It's also a guardian of one of the levels of Mictlan.","destruction, death","destruction, death",death,life/death,"earth, animal, primordial, monster, underworld, death, dark",secondary,,"tlaltecuhtli, mictlantecuhtli, tezcatlipoca, quetzalcoatl",yes,,Codex Borgia,Xochitonal,"Quetzalcoatl, Tezcatlipoca, Mictlancihuatl, Mictlantecuhtli",4,,,,0,Tlaltecuhtli,,
cipactonal,Cipactonal,"First man of the fifth sun created by Quetzalcoatl. Inventor of astrology and calendars, he also represents the sun.","knowledge, fertility, subsistence","knowledge, fertility, subsistence","spiritual expansion, life","spiritual expansion, life/death","celestial, science, magic, primordial, time, food, fertility, astrology, sun, day, sky, calendar",secondary,,"ometeotl, xipe totec, tezcatlipoca, quetzalcoatl, huitzilopochtli",yes,,Codex Borbonicus,"Icozauqui, Cipactli","Ometeotl, Xipe Totec, Tezcatlipoca, Quetzalcoatl, Huitzilopochtli, Ometecuhtli, Omecihuatl",7,,Oxomoco,Piltzintecuhtli,1,"Ometecuhtli, Ometeotl",,tolteque
citlalatonac,Citlalatonac,"Creator of the stars who lives in the second level of Aztec heaven with his consort, Citlaticue. ",fertility,fertility,life,life/death,"celestial, primordial, star, night, sky",secondary,,"tlaltecuhtli, ometeotl",yes,,Codex Fejervary-Mayer,,Ometeotl,1,,Citlalicue,,0,"Ometecuhtli, Ometeotl",,
citlalicue,Citlalicue,"Creator goddess of the Milky Way, stars, death, darkness and Earth. Lives in the second level of Aztec heaven with Citlalatonac.","fertility, death","fertility, death","life, death",life/death,"celestial, primordial, night, star, earth, death, dark",secondary,,"tlaltecuhtli, ometeotl",yes,,Codex Borbonicus,"Citlalinicue, Citlalmina","Coatlicue, Ometecuhtli, Omecihuatl, Ometeotl",4,Tzitzimitl,Citlalatonac,,0,"Omecihuatl, Ometeotl ",,
citlatepetl,Citlatepetl,"Jealous lover of Iztaccihuatl, who told her that Popocatepetl, her true love, had died in battle. He became a volcano, known as Pico de Orizaba, to witness their love for eternity.","pleasure, destruction","pleasure, destruction",spiritual expansion,spiritual expansion,"mountain, volcano, love, jealousy",secondary,,"tlaltecuhtli, tlaloc",yes,,Codex Nuttal,,,0,"Iztaccihuatl, Popocatepetl",,,0,,,
coatlicue,Coatlicue,"Creator goddess of earth, fire, stars of the southern sky and birth. Depicted as a woman wearing a skirt of snakes, with sharp claws, as she was thirsty for sacrifices. Mother of Huitzilopochtli, she's also the inspiration of the “weeping woman” in Mexican folklore.","fertility, death, destruction, trade, war","fertility, death, destruction, trade, war","material expansion, life, death","material expansion, life/death","fertility, nature, fire, earth, celestial, death, primordial, rebirth, sacrifice, trade, war, child, birth, violence, moon, celestial, midwives, purity, stars, blood",secondary,,"tlaltecuhtli, mixcoatl, ometeotl, huitzilopochtli, mayahuel, quetzalcoatl, mayahuel, tlaloc, xochiquetzal",yes,,Statue displayed in National Anthropology Museum in Mexico City,"Llamateuctli, Coatlantonan, Koatlikueitl, Tēteoh īnnān, Teteto Inan, Toci, Cihuacoatl, Tonantzin, Yohuatlicue, Chihucoatl, Ciucoatl, Chiuacoatl, Quilaztli, Huitzilincuatec, Tititl, Yaocihuatl, Tonantzin, Toci, Teteto Innan, Coatlicue, Quilaztli, Coacihuatl, Coatlan Tenan, Cuauhcihuatl, Tzitzimicihuatl, Cihuacohuatl, Cuaucihuatl, Teoyaominqui, Teoyaotlatohua, Teoyaomqui, Chicomexochitl ou Chalchiuhcihuatl",Itzpapalotl,1,"Huitzilopochtli, Tzitzimitl, Tlazolteotl, Tlaltecuhtli, Chimalma, Mayahuel, Ce Calli, Ce Cuauhtli, Ce Mazatl, Ce Ozomatli","Mixcoatl, Huehuecoyotl, Quetzalcoatl","Coyolxauhqui, Mixcoatl, Quetzalcoatl, Xolotl, Centzon Huitznahua, Huitzilopochtli, Citlalicue, Ce Calli, Ce Cuauhtli, Ce Mazatl, Ce Ozomatli, Centzon Totochtin, Ilancueye, Itzpapalotl, Malinalxochi, Tezcatlipoca",16,"Ilamacihuatl, Itzaccihuatl, Huixtocihuatl, Chalchiuhtlicue, Quilaztli, Ixnextli, Ilancueye, Tlazolteotl, Mayahuel, Xilonen, Chimalma, Itzpapalotl, Xochiquetzal, Omecihuatl, Coyolxauhqui, Teteo Innan, Ce Calli, Ce Cuauhtli, Ce Mazatl, Ce Ozomatli, Chantico, Ilancueye, Ixnextli, Ometeotl",,"Chalmeques, Xochimilcas, Chichimeques"
coyolxauhqui,Coyolxauhqui,"Earth goddess who tried to kill Coatlicue. Her head was tossed in the sky by his brother, Huitzilopochtli, and became the moon, which represent cowardice for Aztecs.",fertility,fertility,life,life/death,"celestial, earth, star, moon",secondary,,"xiuhtecuhtli, tlaltecuhtli, huitzilopochtli, xipe totec, ometeotl, mixcoatl",yes,,Stone displayed in Templo Mayor Museum in Mexico City,Coyolxanuhqui ,"Coatlicue, Mixcoatl, Ometeotl, Omecihuatl, Ometecuhtli",5,"Centzon Huitznahua, Huitzilopochtli, Centzon Totochtin, Metztli, Tecciztecatl, Xipe Totec, Xiuhtecuhtli",,,0,"Tlazolteotl, Coatlicue, Metztli, Tecciztecatl",,
coyotlinaual,Coyotlinaual,"God of featherworks, also called Amantecas. He’s linked with Huehuecoyotl, another trickster god.","craft, pleasure, trade, magic","pleasure, trade, knowledge","spiritual expansion, life, material expansion","spiritual expansion, life/death, material expansion","craft, art, trade, feather, trickster, coyote, animal",secondary,,"Xiuhtecuhtli, Yacatecuhtli, Quetzalcoatl, Xochipilli",yes,,Codex Borgia,"Coyotlinahual, Coyotl Inahual",Quetzalcoatl,1,"Huehuecoyotl, Chalmecacihuatl, Quetzalcoatl ",,,0,"Xiuhtecuhtli, Yacatecuhtli, Huehuecoyotl ",,
cuaxolotl ,Cuaxolotl ,"Goddess of the hearth who gave birth to twins, noted by the mask she wears on the back of her head. She's the female counterpart of Xolotl and an aspect of Chantico.","fertility, death, magic","fertility, death, knowledge","life, death, spiritual expansion","life/death, spiritual expansion","home, child, underworld, birth, hearth, twins",secondary,,quetzalcoatl,yes,,Codex Borgia,,,0,,Xolotl,,0,"Xolotl, Chantico",,
ehecatl,Ehecatl,Nagual of Quetzalcoatl which represents the west winds that bring rain. His breath helped to move the sun.,"magic, fertility, pleasure, subsistence","knowledge, fertility, pleasure, subsistence","life, spiritual expansion","life/death, spiritual expansion","earth, wind, nature, celestial, science, primordial, love, pleasure, fertility, west, rain, sun",secondary,,"quetzalcoatl, tlaloc, tezcatlipoca, xiuhtecuhtli",yes,,Source unknown,Ehcatl,,0,"Tlaloc, Quetzalcoatl",Mayahuel,"Tecciztecatl, Tonatiuh",2,"Quetzalcoatl, Tezcatlipoca, Chiconahui Ehecatl, Nahui Ehecatl",,
huehuecoyotl,Huehuecoyotl,"Trickster and shapeshifter god, associated both with wildness and wisdom, lust and arts, especially dance and music. He was also a guide in Mictlan.","pleasure, magic, destruction, death, knowledge","pleasure, destruction, death, knowledge","death, spiritual expansion","life/death, spiritual expansion","animals, arts, nature, trickster, chaos, music, wild, pleasure, excess, wisdom, death",secondary,,"xiuhtecuhtli, tezcatlipoca, mictlantecuhtli, xipe totec, tlaltecuhtli, quetzalcoatl, yacatecuhtli",yes,,Codex Borgia,"Ueuecoyotl, huehuehcoyotl",Mictlantecuhtli,1,"Xolotl, Ilamatecuhtli, Teteo Innan, Xipe Totec, Coyotlinaual, Ixnextli","Coatlicue, Teteo Innan",,0,"Tezcatlipoca, Yacatecuhtli, Xiuhtecuhtli, Coyotlinaual",,
huehueteotl,Huehueteotl,"Other aspect or name of Xiuthecuhtli, he's a fatherly figure and ancient god of hearth, the fire of life, and time.","trade, fertility, craft","trade, fertility","life, material expansion","life/death, material expansion","fire, celestial, primordial, north, celestial, time, trade, old, hearth",secondary,,"xiuhtecuhtli, tlaloc, ometeotl",yes,,Codex Borgia,"Ueueteotl, Hiuhtecuctli, Ixcozauhqui, Cuezaltzin, Huehueteotl, Tata, Huehuetzin, Huehuetecutli, Huehuehteotl","Ometecuhtli, Omecihuatl, Ometeotl",3,,"Chalchiuhtlicue, Huehuecihuatl",,0,"Xiuhtecuhtli, Ometecuhtli, Ometeotl",,Otomi
huehuecihuatl,Huehuecihuatl,"“Old woman,”  nagual of Omecihuatl, symbolizing time.",fertility,fertility,life,life/death,"primordial, time, old",secondary,,"xiuhtecuhtli, ometeotl",yes,,Codex Nuttal,,,0,,Huehueteotl,,0,"Ometeotl, Omecihuatl",,
huitzilopochtli,Huitzilopochtli,"God of war, thunderstorms, fire and sun. He’s the original deity of the nomadic tribe of Mexica, also known as Aztecs. He was a warrior who needed blood to win his battle against darkness.","war, destruction, fertility","war, destruction, fertility","material expansion, life","material expansion, life/death","war, fire, sun, storm, primordial, sacrifice, thunder",creation,yes,"yacatecuhtli, mixcoatl, tezcatlipoca, quetzalcoatl, xipe totec, ometeotl, tlaltecuhtli, mayahuel, huitzilopochtli, tlaloc",yes,,Codex Telleriano-Remensis,"Uitzilopochtli, Mextli, Mexitl, Inaquizcaotl, Mezitl, Omiteotl-Inaquizcaotl, Tetzauhteotl, Tetzahuitl, Yaotecuhtli, Yaotzin, Vitzilopuchtl, Mexih","Coatlicue, Mixcoatl, Ometeotl, Ometecuhtli, Omecihuatl, Teteo Innan, Tonatiuh",8,"Malinalxochi, Chicomecoatl, Tlaloc, Centzon Totochtin, Tonatiuh, Tlaltecuhtli, Xolotl, Quetzalcoatl, Tezcatlipoca, Xipe Totec, Centzon Huitznahua, Coyolxauhqui, Coatlicue",Quetzalcoatl ,"Opochtli, Chimalma, Painal, Xiuhcoatl, Amapan, Uappatzin, Oxomoco, Cipactonal, Ixtlilton, Xochiquetzal",10,"Chiconahui Ehecatl, Amimitl, Patecatl, Painal, Opochtli, Ixtlilton, Tonatiuh, Tezcatlipoca, Camaxtli, Amapan, Mixcoatl, Uappatzin, Xiuhtecuhtli",,"tribal god of the Mexica of Tenochtitlan, Mayan ?"
huixtocihuatl,Huixtocihuatl,Fertility goddess of the ocean who discovered salt. Could be a daughter or an aspect of Chalchiuhtlicue.,"fertility, subsistence, trade","fertility, subsistence, trade","life, material expansion","life/death, material expansion","fertility, nature, ocean, sea, water, salt, food, trade",secondary,,"tlaloc, yacatecuhtli, tezcatlipoca, tlaltecuhtli, xochiquetzal",yes,,Primeros Memoriales,"Uixtocihuatl, huixtohcihuatl","Tlaloc, Chalchiuhtlicue, Quetzalcoatl, Tlazolteotl",4,"Tlaloc, Chalchiuhtlicue, Xochiquetzal, Xilonen, Yohualticitl","Tezcatlipoca, Tlaloc",,0,"Chalchiuhtlicue, Coatlicue, Yacatecuhtli, Yohualticitl",,Olmeque
ilamacihuatl,Ilamacihuatl,"“Lady of Creation.” Goddess of weavers, her roar signalled war. She’s the elderly version of Chicomecoatl and associated with earth, death, and the Milky Way.","death, war, craft, fertility","death, war, trade, fertility","death, material expansion, life","life/death, material expansion","death, earth, celestial, war, craft, primordial, old, weaver, old, milky way",secondary,,"tlaltecuhtli, xochiquetzal, ometeotl",yes,,Codex Magliabechiano,,,0,Ilamatecuhtli,Ilamatecuhtli,,0,"Coatlicue, Chicomecoatl, Xilonen, Xochiquetzal, Omecihuatl",,
ilamatecuhtli ,Ilamatecuhtli ,“Lord of Creation.” Another nagual of Ometecuhtli.,"death, fertility, war, craft","death, fertility, war, trade","death, life, material expansion","life/death, material expansion","death, earth, celestial, war, craft, primordial, old",secondary,,ometeotl,yes,,Codex Magliabechiano,Ilamatecutli,,0,"Ilamacihuatl, Huehuecoyotl",Ilamacihuatl,,0,Ometecuhtli ,,
ilancueye,Ilancueye,One the several minor divinities of maize. She represented the withering corn husk surrounding a dried out maize cob.,"fertility, subsistence","fertility, subsistence",life,life/death,"maize, fertility",secondary,,"tlaltecuhtli, mayahuel",yes,,Codex Borgia,Ilancueitl,"Centeotl, Coatlicue",2,,,,0,"Teteo Innan, Coatlicue",,
ilhuicamina,Ilhuicamina,“He Who Shoots Arrows at the Heavens.” Symbolizes the sun as one who destroys the stars.,"destruction, fertility","destruction, fertility","life, death",life/death,"sun, minor, celestial, destruction",secondary,,Huitzilopochtli,yes,,Codex Mendoza,,,0,,,,0,"Tonatiuh, Xiuhtecuhtli",,
itzaccihuatl,Itzaccihuatl,A mountain goddess and representation of the great white mountain Iztactepetl. She's a guardian of animals needed for food. Mexica affected by blindness would worship her. ,"subsistence, pleasure, fertility, hunting","subsistence, pleasure, fertility, hunting",life,life/death,"hunt, animal, nature, earth, animal, mountain, disease, healing, love",secondary,,"mixcoatl, tlaloc, tlaltecuhtli",yes,,Codex Nuttal,"Iztaccihuatl, Iztac tepetl, Iztactepetl",Citlatepetl,1,"Tlaloque, Chalchiuhtlicue, Opochtli, Nappatecuhtli, Yauhqueme, Tomiyauhtecuhtli, Quiahuitl",Popocatepetl,,0,"Chalchiuhtlicue, Mixcoatl, Coatlicue",,
itzcuintli  ,Itzcuintli  ,Sacred dog which guided the dead through Mictlan and the guardian of home. This breed of hairless dog still exists.,"death, subsistence","death, subsistence","life, death",life/death,"death, animal, home, monster",secondary,,mictlantecuhtli,yes,,Codex Vaticanus,Itzcutintli,Mictlantecuhtli,1,Xolotl,,,0,Mictlantecuhtli,,
itzpapalotl,Itzpapalotl,"Aztec goddess of sacrifice, associated with earth and fertility, who rules Tomoanchan, and is leader of Cihuateteo and Tzitzimime. Her nahual is the butterfly, a manifestation of the deads’  souls.","destruction, fertility, death, magic","destruction, fertility, death, knowledge","life, death, spiritual expansion","life/death, spiritual expansion","night, earth, fertility, fire, sacrifice, pleasure, lightning, magic, butterfly",secondary,,"tlaltecuhtli, mixcoatl, mayahuel, tezcatlipoca",yes,,Codex Borgia,"Itzpapalotlcíhuatl, Itzcueye","Tzitzimitl, Tlazolteotl, Tlaltecuhtli, Chimalma, Mayahuel, Coatlicue",6,"Itztapaltotec, Xipe Totec, Xiuhtecuhtli","Mixcoatl, Itztlacoliuhqui ","Mixcoatl, Tzitzimitl, Ce Calli, Ce Cuauhtli, Ce Mazatl, Ce Ozomatli",5,"Teteo Innan, Coatlicue, Oxomoco",,Chichimeque
iztapaltotec ,Itztapaltotec ,"Minor god of Agriculture and fertility, nagual of Xipe Totec, but also a patron of precious metallurgists. He's probably related to Itztli, who is also depicted as a personified knife. ","fertility, craft, subsistence","fertility, trade, subsistence","life, material expansion","life/death, material expansion","earth, fertility, craft, metal, agriculture",secondary,,"xipe totec, yacatecuhtli, tlaltecuhtli",yes,,Codex Vaticanus,"Itztapal Totec, Iztapaltotec",,0,Itzpapalotl,,,0,"Xipe Totec, Yacatecuhtli",,
itztlacoliuhqui,Itztlacoliuhqui,"Blind god of justice and punishment, associated with stone, cold and obsidian. Associated with night and the north, he's a variant of Tezcatllipoca.","magic, destruction, death","knowledge, destruction, death","spiritual expansion, death","spiritual expansion, life/death","earth, stone, cold, justice, celestial, north, night, destruction, blind",secondary,,"tezcatlipoca, mictlantecuhtli, mayahuel, huitzilopochtli, tlaltecuhtli",yes,,Codex Borgia,"Itztlacoliuhqui-Ixquimilli,  Itzlacohuihqui, Itzlacoliuhqui, Itzlacoliuhque, Ixquimilli, Iztacoliuhqui","Tonatiuh, Tlahuizcalpantecuhtli",2,"Tlahuizcalpantecuhtli, Centeotl, Itztli, Ixquimilli, Tonatiuh",Itzpapalotl,,0,"Tlahuizcalpantecuhtli, Tezcatlipoca, Mictlantecuhtli, Ixquimilli",,mayan (Xibalba city of Mictlan)
itztli,Itztli,God of sacrifice and the sacred obsidian stone knives used for ritual slaying. Servant of Tezcatlipoca.,"death, destruction","death, destruction",death,life/death,"death, earth, sacrifice, blood",secondary,,tezcatlipoca ,yes,,Codex Borgia,Itzli,Tezcatlipoca,1,"Itztlacoliuhqui, Ixquimilli",,,0,Tezcatlipoca,,
ixcozauhqui,Ixcozauhqui,“Yellow-face.” Gods of merchants and nagual of Xiuhtecuhtli.,"trade, fertility, craft","trade, fertility","life, material expansion","life/death, material expansion","minor, trade, fire",secondary,,"Xiuhtecuhtli, Yacatecuhtli, Huitzilopochtli",yes,,Codex Florentine,,Yacatecuhtli,1,,,,0,"Xiuhtecuhtli, Yacatecuhtli, Tonatiuh",,
ixcuina,Ixcuina,"Goddess of cotton, associated, like her sisters, Tiacapan, Teicu, Tlaco and Xocotzin, to sex and filth. Nagual of Tlazolteotl.","fertility, pleasure, craft","fertility, pleasure, trade","life, spiritual expansion, material expansion","life/death, spiritual expansion, material expansion","nature, fertility, sex, excess, pleasure, filth, coton",secondary,,Tlaltecuhtli,yes,,Codex Telleriano Remensis,"Ixcuiname, Ixcuinan,Tlaelcuani, Tlazolteteoh, Ixcuina",Tlazolteotl,1,,,,0,Tlazolteotl,,
ixnextli,Ixnextli,Goddess of weavers and aspect of Xochiquetzal when she was expelled from paradise.,"fertility, craft, trade","fertility, trade","life, material expansion","life/death, material expansion","fertility, nature, trade, craft",secondary,,"tlaltecuhtli, xochiquetzal, xiuhtecuhtli, ",yes,,Codex Telleriano Remensis,,,0,Huehuecoyotl ,,,0,"Xochiquetzal, Coatlicue",,
ixquimilli,Ixquimilli,"God of darkness, justice and punishment. Protector of the sorcerers. He was linked to both Itztlacoliuhqui and Tezcatlipoca.","magic, destruction, death","knowledge, destruction, death","spiritual expansion, death","spiritual expansion, life/death","night, war, magic, justice, cold, stone, dark, punishment",secondary,,tezcatlipoca ,yes,,Codex Vaticanus,,,0,"Itztlacoliuhqui, Itztli",,,0,"Tezcatlipoca, Tlahuizcalpantecuhtli, Itztlacoliuhqui",,Toltec
ixquitecatl,Ixquitecatl,"God of sorcerers, healings arts, and pulque. Worshipped by members of the healing arts class as sorcerers were often brought in after more herb traditional healing methods failed.  ","magic, excess, knowledge, fertility","excess, knowledge, fertility","life, spiritual expansion","life/death, spiritual expansion","magic, healing, pulque, fertility, herbs",secondary,,"Mayahuel, Xipe Totec, Tezcatlipoca",yes,,Codex Borbonicus,Izquitecatl,Patecatl,1,"Tomiyauhtecuhtli, Techalotl, Ixtlilton, Ome Totchtli, Macuil Tochtli, Tezcatzoncatl, Tepoztecatl, Centzon Totochtin",,,0,Tezcatlipoca,,
ixtlilton,Ixtlilton,"God of healing, dancing, festival and games. He played a role similar to the Sandman. Worshipped both as a agricultural and sexual god.","magic, pleasure, fertility, subsistence","knowledge, pleasure, fertility, subsistence","life, spiritual expansion","life/death, spiritual expansion","healing, pleasure, child, pulque, fire, science, medecine, game, fun, alcohol, fire, fertility, rain, sex, dance",secondary,,"xiuhtecuhtli, huitzilopochtli, mayahuel, xochiquetzal",yes,,Codex Borgia,"Ixtlilxochitl, Tlaltetecuin, Ixtliltzin, Ixtliton, Chicahualiztéotl ","Huitzilopochtli, Patecatl, Mayahuel",3,"Tomiyauhtecuhtli, Techalotl, Ixquitecatl, Ixtlilton, Ome Tochtli, Macuil Tochtli, Tezcatzoncatl, Tepoztecatl, Xochipilli, Centzon Totochtin",,,0,"Xiuhtecuhtli, Huitzilopochtli",,
macuil_cozcacuahtli ,Macuil Cozcacuahtli ,"One of the five gods of excess and pleasure, called Macuiltonaleque or Ahuiateteo, like drinking, gambling or sex. They represents the danger or overindulgence.","pleasure, excess, subsistence","pleasure, excess, subsistence","life, spiritual expansion","life/death, spiritual expansion","pleasure, excess, gambling, sex, south, pulque",secondary,,mayahuel,yes,,Codex Borgia,"Macuilcozcacuauhtli, Macuil-Cozcacuahtli ","Mayahuel, Patecatl, Xochipilli, Xochiquetzal",4,"Macuil Xochitl, Macuil Tochtli, Macuil Malinalli, Macuil Cuetzpalin, Macuil Cozcacuahtli, Chalchiutotolin, Ome Tochtli",Ce Cuauhtli,,0,"Mayahuel, Xochipilli, Patecatl, Xochiquetzal",,
macuil_cuetzpalin ,Macuil Cuetzpalin ,"One of the five gods of excess and pleasure, called Macuiltonaleque or Ahuiateteo, like drinking, gambling or sex. They represents the danger or overindulgence.","pleasure, excess, subsistence","pleasure, excess, subsistence","life, spiritual expansion","life/death, spiritual expansion","pleasure, excess, gambling, sex, south, pulque",secondary,,mayahuel,yes,,Source unknown,"Macuilcuetzpalin, Macuil-Cuetzpalin","Mayahuel, Patecatl, Xochipilli, Xochiquetzal",4,"Macuil Xochitl, Macuil Tochtli, Macuil Malinalli, Macuil Cozcacuahtli, Chalchiutotolin, Ome Tochtli",Ce Mazatl,,0,"Mayahuel, Xochipilli, Patecatl, Xochiquetzal",,
macuil_malinalli,Macuil Malinalli,"One of the five gods of excess and pleasure, called Macuiltonaleque or Ahuiateteo, like drinking, gambling or sex. They represents the danger or overindulgence.","pleasure, excess, subsistence","pleasure, excess, subsistence","life, spiritual expansion","life/death, spiritual expansion","pleasure, excess, gambling, sex, south, pulque",secondary,,"mayahuel, xochipilli, xipe totec",yes,,Codex Aubin,"Macuilmalinalli, Macuil-Malinalli","Mayahuel, Patecatl, Xochipilli, Xochiquetzal",4,"Macuil Xochitl, Macuil Tochtli, Macuil Cuetzpalin, Macuil Cozcacuahtli, Chalchiutotolin, Ome Tochtli",,,0,"Mayahuel, Xochipilli, Patecatl, Xochiquetzal",,
macuil_ocelotl,Macuil Ocelotl,"One of the five gods of excess and pleasure, called Macuiltonaleque or Ahuiateteo, like drinking, gambling or sex. They represents the danger or overindulgence.","pleasure, excess, subsistence","pleasure, excess, subsistence","life, spiritual expansion","life/death, spiritual expansion","trade, feather, excess, pleasure, gambling, sex, south, pulque",secondary,,"Yacatecuhtli, Mayahuel",yes,,Codex Florentine,"Macuilocelotl, Macuil-Ocelotl ","Mayahuel, Patecatl, Xochipilli, Xochiquetzal",4,"Macuil Xochitl, Macuil Tochtli, Macuil Cuetzpalin, Macuil Cozcacuahtli, Chalchiutotolin, Ome Tochtli",,,0,"Mayahuel, Xochipilli, Patecatl, Xochiquetzal, Yacatecuhtli",,
macuil_tochtli,Macuil Tochtli,"One of the five gods of excess and pleasure, called Macuiltonaleque or Ahuiateteo, like drinking, gambling or sex. They represents the danger or overindulgence.","pleasure, excess, subsistence","pleasure, excess, subsistence","life, spiritual expansion","life/death, spiritual expansion","pleasure, excess, gambling, sex, south, war, death, pulque",secondary,,"mayahuel, huitzilopochtli, yacatecuhtli",yes,,Codex Borgia,"Macuiltochtli, Macuil-Tochtli ","Mayahuel, Patecatl, Xochipilli, Xochiquetzal",4,"Tomiyauhtecuhtli, Techalotl, Ixquitecatl, Ixtlilton, Ome Tochtli, Macuil Xochitl, Tezcatzoncatl, Tepoztecatl, Macuil Tochtli, Macuil Malinalli, Macuil Cuetzpalin, Macuil Cozcacuahtli, Centzon Totochtin, Chalchiutotolin",Ce Ozomatli,,0,"Mayahuel, Xochipilli, Patecatl, Xochiquetzal, Yacatecuhtli",,
macuil_xochitl,Macuil Xochitl,"One of the five gods of excess and pleasure, called Macuiltonaleque or Ahuiateteo, like drinking, gambling or sex. They represents the danger or overindulgence. Nagual of Xochipilli.","pleasure, excess, subsistence","pleasure, excess, subsistence","life, spiritual expansion","life/death, spiritual expansion","pleasure, music, art, dance, gambling, nature, excess, game",secondary,,"mayahuel, xochiquetzal, xiuhtecuhtli",yes,,Codex Fejervary-Mayer,"Macuilxochitl, Macuil-Xochitl","Xochipilli, Xochiquetzal, Patecatl",3,"Macuil Tochtli, Macuil Malinalli, Macuil Cuetzpalin, Macuil Cozcacuahtli, Ixtlilton, Tomiyauhtecuhtli, Techalotl, Ixquitecatl, Ixtlilton, Ome Tochtli, Tezcatzoncatl, Tepoztecatl, Xochiquetzal, Chalchiutotolin","Mayahuel, Ce Calli",,0,"Xochiquetzal, Xochipilli, Centeotl, Ixtlilton, Huehuecoyotl, Mayahuel, Patecatl",,
malinalxochi,Malinalxochi,"Underworld sorceress or goddess of snakes, scorpions and insects of the desert. Trying to slow down the journey of his half brother, Huiztilopochtli, and his people, she's abandonned and founded the city of Malinalco.","death, destruction, magic","death, destruction, knowledge","death, spiritual expansion","life/death, spiritual expansion","magic, animal, earth, underworld, snake, scorpion, insect, desert",secondary,,"mixcoatl, mictlantecuhtli, huitzilopochtli, ometeotl, tlaltecuhtli, tezcatlipoca",yes,,Codex Magliabechiano,"Matlalcueje, Masaya, Malinalxochi, Malinalxochitl","Coatlicue, Mixcoatl, Ometeotl, Tonatiuh, Mictlantecuhtli, Ometecuhtli, Omecihuatl",7,"Huitzilopochtli, Centzon Huitznahua",,,0,Tezcatlipoca,,Malinalco
matlalcueitl,Matlalcueitl,"Tlaxcaltec goddess of running water, lakes, rivers, singing and divination. Nagual of Chalchiuhtlicue. ","magic, fertility, pleasure","knowledge, fertility, pleasure","life, spiritual expansion","life/death, spiritual expansion","earth, rain, fertility, minor, water, lake, river, song, magic",secondary,,"Tlaloc, tlaltecuhtli",yes,,Codex Nuttal,"Matlalcueyeh, Matlalcueje, Matlalcueye",,0,"Tlaloque, Opochtli, Nappatecuhtli, Yauhqueme, Tomiyauhtecuhtli, Itzaccihuatl, Quiahuitl",Tlaloc,,0,Chalchiuhtlicue,,
mayahuel,Mayahuel,"Goddess of the maguay plant and all its by-products, especially pulque. Said to have 400 breasts to nurture her children, she gave love to mankind with her romance with Quetzalcoatl.","fertility, magic, subsistence, excess, knowledge","fertility, subsistence, excess, knowledge","life, spiritual expansion","life/death, spiritual expansion","fertility, nature, pulque, medicine, excess, alcohol, science, food, love",human,mayahuel,"tlaltecuhtli, quetzalcoatl, xochiquetzal",yes,,Codex Laud,"Mayahual, Mayouel, Tezcacoac",Tzitzimitl,1,"Tlazolteotl, Ehecatl, Tepoztecatl, Ce Calli, Ce Cuauhtli, Ce Mazatl, Ce Ozomatli, Coatlicue, Popocatepetl","Patecatl, Xochipilli, Quetzalcoatl, Macuil Xochitl, Ehecatl, Tepoztecatl","Centzon Totochtin, Tomiyauhtecuhtli, Techalotl, Ixquitecatl, Ixtlilton, Ome Tochtli, Macuil Tochtli, Tezcatzoncatl, Tepoztecatl, Coatlicue, Itzpapalotl, Macuil Cozcacuahtli, Macuil Cuetzpalin, Macuil Malinalli, Macuil Ocelotl, Macuil Tochtli",16,"Tlazolteotl, Coatlicue, Centzon Totochtin, Macuil Cozcacuahtli, Macuil Cuetzpalin, Macuil Malinalli, Macuil Ocelotl, Macuil Tochtli, Macuil Xochitl, Ome Tochtli",,
metztli,Metztli,"Lowly god of darkness and worms who failed to sacrifice himself to become the sun and, instead, became the moon.","death, destruction, fertility","death, destruction, fertility","life, death",life/death,"earth, celestial, sacrifice, sun, moon, dark, worm",secondary,,"tezcatlipoca, huitzilopochtli",yes,,Codex Borgia,Meztli,,0,Coyolxauhqui,,,0,"Coyolxauhqui, Tecciztecatl, Tezcatlipoca",,
mictlancihuatl,Mictlancihuatl,Mistress to Mictlantecuhtli and ruler of the deepest level of Mictlan. She was sacrified as a baby and magically grew to adulthood in the underworld.,"death, fertility, magic","death, fertility, knowledge","death, life, spiritual expansion","life/death, spiritual expansion","death, underworld, birth",secondary,,"ometeotl, mictlantecuhtli, tlaltecuhtli",yes,,Codex Fejervary-Mayer,"Mictecacihuatl, Mictecacioatl",,0,Omecihuatl,Mictlantecuhtli,"Cipactli, Miquiztlitecuhtli",2,"Omecihuatl, Chalmecacihuatl, Ometeotl",,
mictlantecuhtli,Mictlantecuhtli,"God of death and lord of Mictlan, the main Aztec underworld. Living in complete darkness, he guards the bones of the dead as well as babies before their birth.","death, fertility, magic","death, fertility, knowledge","death, life, spiritual expansion","life/death, spiritual expansion","death, celestial, underworld, primordial, dark, birth",elemental,mictlantecuhtli,"ometeotl, tezcatlipoca, xiuhtecuhtli, tlaltecuhtli, quetzalcoatl, huitzilopochtli, quetzalcoatl, tlaloc",yes,,Codex Borbonicus,"Mictlantecuhtzi Tzontemoc, Mictlantli, Mictlantecahtli, Cuezallin, Ah Puch (mayan), Hunhau (mayan), Mictecacíhuatl, Mictlān Teuctli, Cuezal, Tocuilehua, Tlalchi Tonatiuh",,0,Xiuhtecuhtli,Mictlancihuatl,"Cipactli, Chalchiuhtecolotl, Piquete Zina, Itzcuintli, Xolotl, Huehuecoyotl, Chalmecacihuatl, Miquiztlitecuhtli, Quetzalcoatl ",9,"Miquiztlitecuhtli, Chalchiuhtecolotl, Tonatiuh, Tlalchi Tonatiuh, Quetzalcoatl, Tlahuizcalpantecuhtli, Tepeyollotl, Itztlacoliuhqui, Itzcuintli, Chalchiutotolin, Xiuhtecuhtli, Tezcatlipoca, Ometecuhtli, Chalmecatecuhtli, Ometeotl, Xoaltecuhtli",, Ah Puch (mayan)
miquiztlitecuhtli,Miquiztlitecuhtli,"God of violent death, such as suicide, accident, disease or homicide.","death, destruction","death, destruction",death,life/death,"death, disease, sacrifice, blood",secondary,,mictlantecuhtli,yes,,Codex Borgia,,"Mictlancihuatl, Mictlantecuhtli",2,Xoaltecuhtli,,,0,Mictlantecuhtli,,
mixcoatl,Mixcoatl,"Chichimec and Otomi god of hunting, war, fire, sky and the Milky Way. Depending on the sources, he can be the father of Huitzilopochtli and Quetzalcoatl or a new form of Tezcatlipoca.","hunting, war, subsistence","hunting, war, subsistence","life, material expansion","life/death, material expansion","hunting, war, celestial, sky, milky way",human,mixcoatl,"tezcatlipoca, huitzilopochtli, quetzalcoatl, xipe totec, yacatecuhtli, tlaltecuhtli, ometeotl, xochiquetzal",yes,,Codex Borgia,"Iztacmixcoatl, Icnopilli, Tlatlauhqui Tezcatl-Ihpoca, Opocheh, Ce Tecpatl Mixcoatl","Tonacatecuhtli, Tonacacihuatl, Tezcatlipoca, Xipe Totec, Quetzalcoatl, Itzpapalotl, Coatlicue, Tlaltecuhtli",8,"Xipe Totec, Xiuhtecuhtli","Coatlicue, Chimalma, Itzpapalotl, Xochiquetzal","Quetzalcoatl, Tezcatlipoca, Coyolxauhqui, Huitzilopochtli, Centzon Huitznahua, Malinalxochi, Opochtli, Amimitl",8,"Itzaccihuatl, Amimitl, Atlaua, Camaxtli, Tlahuizcalpantecuhtli, Opochtli, Huitzilopochtli, Tezcatlipoca, Xipe Totec, Yacatecuhtli",,"Nahua, Chichimecs, Otomis, tolteque"
nahui_ehecatl,Nahui Ehecatl,"Second sun in the aztec cosmology, nagual of Ehecatl. ",fertility,fertility,life,life/death,"wind, sun, creation",secondary,quetzalcoatl,quetzalcoatl,yes,,Codex Borbonicus,Nahuiehecatl,,0,,,,0,"Quetzalcoatl, Ehecatl",,
nanahuatzin ,Nanahuatzin ,"Lowly goddess who sacrified herself, by jumping into a fire, to become the sun god Tonatiuh. She represented self-sacrifice and courage.",fertility,fertility,life,life/death,"sun, sacrifice, courage",secondary,,"quetzalcoatl, huitzilopochtli, mayahuel, xipe totec",yes,,Codex Laud,"Nana, Nanautzin, Nanauatzin, Nanahuatl,  Nanatzin ","Quetzalcoatl, Xipe Totec",2,"Tecciztecatl, Xolotl, Macuil Xochitl, Macuil Tochtli, Macuil Malinalli, Macuil Cuetzpalin, Macuil Cozcacuahtli",,Tonatiuh,1,"Tonatiuh, Xolotl, Xipe Totec, Quetzalcoatl ",,
nappatecuhtli,Nappatecuhtli,"One of the Tlaloques (water gods), who invented the art of making mats, seats and cane screens with reed, sedge and canes.","craft, fertility","trade, fertility","material expansion, life","material expansion, life/death","craft, travel, trade, art, rain",secondary,,"tlaloc, tezcatlipoca, mixcoatl, huitzilopochtli",yes,,Florentine Codex,"Tlanempopoloa, Napatecutli, Teaaltiani, Nappatecutli","Chalchiuhtlicue, Tlaloc",2,"Tlaloque, Tomiyauhtecuhtli, Opochtli, Huixtocihuatl, Chalchiuhtlicue, Itzaccihuatl, Quiahuitl",,,0,"Tezcatlipoca, Tlaloc, Yacatecuhtli",,
ocelotl,Ocelotl,"God of all animals of land, sea and air, including humans. Protector of scouts and warriors, he's a nagual of Tezcatlipoca.","war, destruction, hunting","war, destruction, hunting",material expansion,material expansion,"animal, jaguar, war, warrior",secondary,,tezcatlipoca,yes,,Codex Vaticanus,,,0,,,,0,Tezcatlipoca,,
omacatl,Omacatl,"God of feast and revelry, who could make men choke on food if he wasn't pleased by gifts.","pleasure, death, subsistence, excess","pleasure, death, subsistence, excess","spiritual expansion, death, life","spiritual expansion, life/death","pleasure, food, death, art, excess",secondary,,tezcatlipoca,yes,,Florentine Codex,Omacahtl,,0,,,,0,Tezcatlipoca,,
ome_tochtli,Ome Tochtli,"God of pulque and drunkeness, depicted as a rabbit. He's the leader of the Centzon Totochtin.","fertility, subsistence, pleasure, excess","fertility, subsistence, pleasure, excess","life, spiritual expansion","life/death, spiritual expansion","fertility, nature, excess, pleasure, pulque, alcohol",secondary,,"mayahuel, tezcatlipoca",yes,,Source unknown,"Ometotchtli, Ometochtli, Ome-Tochtli","Patecatl, Mayahuel, Tezcatlipoca ",3,"Tomiyauhtecuhtli, Techalotl, Ixquitecatl, Ixtlilton, Macuil Tochtli, Tezcatzoncatl, Tepoztecatl, Centzon Totochtin",,Centzon Totochtin,1,"Tepoztecatl, Mayahuel, Patecatl, Tezcatlipoca, Tomiyauhtecuhtli",,
omecihuatl,Omecihuatl,"Female representation of the creator god Ometeotl. God of the near and the distant, of substance and duality, she was mainly revered by the higher classes, especially in poetry.","fertility, pleasure, subsistence","fertility, pleasure, subsistence","life, spiritual expansion","life/death, spiritual expansion","primordial, creation, duality, food, fertility, poetry",secondary,,"xipe totec, huitzilopochtli, quetzalcoatl, tezcatlipoca, tlaloc, ometeotl, tlaltecuhtli, mictlantecuhtli",yes,,Codex Vaticanus,"Mihuatl,  Ilhuicacihuatl, Ometeotl,  Acalhuah",,0,"Ometecuhtli, Mictlancihuatl",Ometecuhtli,"Malinalxochi, Centzon Huitznahua, Coyolxauhqui, Tzitzimitl, Tlaloc, Xipe Totec, Tezcatlipoca, Quetzalcoatl, Huitzilopochtli, Oxomoco, Chalchiuhtlicue, Citlalicue, Tlaltecuhtli, Xiuhtecuhtli",16,"Mictlancihuatl, Oxomoco, Tonacacihuatl, Citlalicue, Coatlicue, Chalmecacihuatl, Huehuecihuatl, Ilamacihuatl",,
ometecuhtli,Ometecuhtli,"Male representation of the creator god Ometeotl. God of the near and the distant, of substance and duality, he was mainly revered by the higher classes, especially in poetry.","fertility, pleasure, subsistence","fertility, pleasure, subsistence","life, spiritual expansion","life/death, spiritual expansion","primordial, celestial, duality, food, fertility, poetry",secondary,,"xipe totec, huitzilopochtli, quetzalcoatl, tezcatlipoca, tlaloc, ometeotl, xiuhtecuhtli, mictlantecuhtli,",yes,,Codex Vaticanus,"Ometeotl, Omeyotl, Ometeoltloque, Yohualli. Ometeoltloque, Ometecutli, Tloque Nahuaque, Citlatonac, Ometecuhtl, Ome Tochtli, Acalhuah, Ilhuicacihuatl, Ilhuicahuah, Ilhuicateotl",,0,Omecihuatl,Omecihuatl,"Malinalxochi, Centzon Huitznahua, Coyolxauhqui, Tzitzimitl, Tlaloc, Xipe Totec, Tezcatlipoca, Quetzalcoatl, Huitzilopochtli, Cipactonal, Oxomoco, Chalchiuhtlicue, Citlalatonac, Huehueteotl, Xiuhtecuhtli",16,"Xiuhtecuhtli, Tonacatecuhtli, Huehueteotl, Mictlantecuhtli, Citlalatonac, Chalmecatecuhtli, Ilamatecuhtli, Cipactonal",,
ometeotl,Ometeotl,"Androgynous entity, responsible for the creation of the world, on the back of Cipactli, and the gods. Not the creator of mankind.","fertility, subsistence","fertility, subsistence",life,life/death,"primordial, duality, food, fertility, creation",primordial,ometeotl,"xipe totec, huitzilopochtli, quetzalcoatl, tezcatlipoca, tlaloc, xiuhtecuhtli, mictlantecuhtli, tlaltecuhtli",yes,,Codex Fejervary-Mayer,"Ometecuhtli, Omecihuatl, Ipalnemohuani, Moyocan, Omeyotl",,0,"Ometecuhtli, Omecihuatl",,"Malinalxochi, Centzon Huitznahua, Coyolxauhqui, Tzitzimitl, Tlaloc, Xipe Totec, Tezcatlipoca, Quetzalcoatl, Huitzilopochtli, Cipactonal, Oxomoco, Chalchiuhtlicue, Citlalatonac, Citlalicue, Huehueteotl, Xiuhtecuhtli",16,"Xiuhtecuhtli, Tonacatecuhtli, Huehueteotl, Mictlantecuhtli, Citlalatonac, Oxomoco, Mictlancihuatl, Cipactonal, Tonacacihuatl, Citlalicue, Coatlicue, Huehuecihuatl",,
opochtli,Opochtli,"One of the Tlaloques (water gods). Invented the fishnet, fishing rod, harpoon, oar to row and snare to kill birds.","hunting, war, subsistence","hunting, war, subsistence","life, material expansion","life/death, material expansion","hunting, war, water, sacrifice, fish, fisherman, bird",secondary,,"tlaloc, mixcoatl, huitzilopochtli",yes,,Florentine Codex,,"Mixcoatl, Huitzilopochtli, Chalchiuhtlicue, Tlaloc",4,"Tlaloque, Nappatecuhtli, Tomiyauhtecuhtli, Huixtocihuatl, Amimitl, Atlaua, Itzaccihuatl, Quiahuitl",Tonatiuh,,0,"Mixcoatl, Huitzilopochtli, Amimitl",,
otontecuhtli ,Otontecuhtli ,Mazahuah god of the fire-pit and protector of goldsmith. Associated with Xiuhtecuhtli. ,"craft, subsistence","trade, subsistence","life, material expansion","life/death, material expansion","fire, gold, goldsmith, craft, fire-pit",secondary,,"Xiuhtecuhtli, Yacatecuhtli",yes,,Codex Telleriano-Remensis,"Otonteuctli, Xocotl",,0,,Xochiquétzal,,0,"Xiuhtecuhtli, Xocotl, Yacatecuhtli",,
oxomoco,Oxomoco,"First woman of the fifth sun created by Quetzalcoatl. Inventor of magic, she also represents the nightime and earth.","magic, fertility","knowledge, fertility","life, spiritual expansion","life/death, spiritual expansion","celestial, primordial, fertility, night, dark, astrology, science, sky, magic, earth",secondary,,"ometeotl,  xipe totec, tezcatlipoca, quetzalcoatl, huitzilopochtli, tlaltecuhtli",yes,,Codex Borbonicus,"Icozauqui, Cipactli (for Cipactonal), Oxomo (for Oxomoco)","Ometeotl,  Xipe Totec, Tezcatlipoca, Quetzalcoatl, Huitzilopochtli, Ometecuhtli, Omecihuatl",7,,Cipactonal,Piltzintecuhtli,1,"Itzpapalotl, Omecihuatl, Ometeotl",,tolteque
painal,Painal,"Swift messenger of Huitzilopochtli, who call men to war. Captured prisoners were regularly offered to him.","war, trade","war, trade",material expansion,material expansion,"war, travel, sacrifice",secondary,,huitzilopochtli,yes,,Florentine Codex,"Paynal, Painalton, Paynalton, payinal, payinalton, payinaltzin",Huitzilopochtli,1,"Amapan, Uappatzin",,,0,Huitzilopochtli,,
patecatl,Patecatl,"God of medecine and fertility who discovered, with his wife Mayahuel, pulque and its narcotic effect.","knowledge, fertility, subsistence, excess, magic","knowledge, fertility, subsistence, excess","life, spiritual expansion","life/death, spiritual expansion","pulque, healing, medecine, alcohol, fertility",secondary,,mayahuel,yes,,Codex Borgia,"Pantecatl, Pahtecatl",,0,"Centzon Totochtin, Popocatepetl",Mayahuel,"Centzon Totochtin, Tomiyauhtecuhtli, Techalotl, Ixquitecatl, Ixtlilton, Ome Tochtli, Macuil Tochtli, Tezcatzoncatl, Tepoztecatl, Macuil Cozcacuahtli, Macuil Cuetzpalin, Macuil Malinalli, Macuil Ocelotl, Centeotl",15,"Huitzilopochtli, Ome Tochtli",,
piltzintecuhtli,Piltzintecuhtli,"God of youth, symbolized by the planet Mercury, and father of Centeotl. He was a manifestation of Tonatiuh or Xochipilli.","pleasure, fertility","pleasure, fertility","life, spiritual expansion","life/death, spiritual expansion","celestial, youth, healing, sun, summer, night, drug, excess",secondary,,"huitzilopochtli, mayahuel, xochiquetzal",yes,,Codex Borgia,Piltzintecuhtli,"Oxomoco, Cipactonal, Xochiquetzal, Quetzalcoatl ",4,"Macuil Cozcacuahtli, Macuil Cuetzpalin, Macuil Malinalli, Macuil Ocelotl, Macuil Tochtli, Macuil Xochitl",Xochiquetzal,Centeotl,1,"Tonatiuh, Xochipilli ",,
piquete_zina ,Piquete Zina ,Zapotec bat god who represented maize and fertility.,"death, fertility, subsistence","death, fertility, subsistence","death, life",life/death,"animal, night, dark,  bat, fertility, maize",secondary,,"mictlantecuhtli, tlaloc",yes,,Codex Fejervary-Mayer,"Camazotz, Tlacatzinacantli, Kamasotz",Mictlantecuhtli,1,,,,0,Tlaloc,,"Zapoteque, mayan"
popocatepetl,Popocatepetl,"Sacred volcano whose cult worshiped the earth, rain, water and vegetation. Once a man, he was called away to war but his lover, Iztaccihuatl, died of grief. They ended up transformed into mourning mountains by the gods.","fertility, pleasure","fertility, pleasure","life, spiritual expansion","life/death, spiritual expansion","earth, water, fertility, nature, sacrifice, rain, mountain, love",secondary,,"tlaloc, mayahuel, tlaltecuhtli",yes,,Codex Nuttal,,Citlatepetl,1,"Mayahuel, Patecatl",Itzaccihuatl,,0,Tlaloc,,
quetzalcoatl ,Quetzalcoatl ,"One of the main divinity worshipped in Mesoamerica. He's the god of agriculture, arts, love science and wind. Exiled by his brother Tezcatlipoca, his expected return had been seen, at first, as the arrival of Hernan Cortez in 1519.","fertility, pleasure, magic, subsistence, trade, craft, knowledge","fertility, pleasure, subsistence, trade, knowledge","life, spiritual expansion, material expansion","life/death, spiritual expansion, material expansion","primordial, fertility, magic, science, religion, trade, wind, time, healing, art, pleasure, east, agriculture, love",creation,quetzalcoatl,"xipe totec, huitzilopochtli, tezcatlipoca, tlaloc, mictlantecuhtli, ometeotl, tlaltecuhtli, mayahuel, xochiquetzal",yes,,Codex Borbonicus,"Tlilpotonqui, Matl, Tlahuizcalpantecuhtli, Tlamacazqui, Topiltzin, Iztauhqui-Tezcatlipoca","Camaxtli, Chimalma, Mictlantecuhtli, Xochiquetzal, Ometecuhtli, Omecihuatl, Tonacatecuhtli, Tonacacihuatl, Coatlicue, Mixcoatl, Ometeotl",11,"Ehecatl, Huitzilopochtli, Tlaloc, Tonatiuh, Xolotl, Tezcatlipoca, Xipe Totec, Coyotlinaual, Azcatl","Tlazolteotl, Mayahuel, Huitzilopochtli, Coatlicue","Xochiquetzal, Piltzintecuhtli, Chalchiutotolin, Tonatiuh, Cipactonal, Oxomoco, Huixtocihuatl, Centeotl, Nanahuatzin, Tlaltecuhtli, Cipactli, Coyotlinaual, Mixcoatl",13,"Tlaloc, Chiconahui Ehecatl, Yacatecuhtli, Tlahuizcalpantecuhtli, Nanahuatzin, Atlaua, Xolotl, Xochipilli, Centeotl, Ehecatl, Tezcatlipoca, Tonatiuh",,"Mayan (Kukulkan), Quiche (Gukumatz), Cholula"
quiahuitl,Quiahuitl,One of the Tlaloque who were worshipped in caves of hilltop temples by farmers for fertility. Nagual of Tlaloc.,"fertility, subsistence","fertility, subsistence",life,life/death,"fertility, rain, minor, water",secondary,,tlaloc,yes,,Codex Nuttal,Ce Quiahuitl,,0,"Opochtli, Nappatecuhtli, Yauhqueme, Tomiyauhtecuhtli, Itzaccihuatl, Matlalcueitl",,,0,Tlaloc,,
quilaztli,Quilaztli,"Aspect of Coatlicue, associated with pregnancy, child birth and edible plants.","fertility, subsistence","fertility, subsistence",life,life/death,"fertility, birth, food",secondary,,"tlaltecuhtli, xiuhtecuhtli",yes,,Source unknown,"Cihuacoatl, Quauhciuatl, Yoaciuatl, Tzitziminciuatl",,0,,,,0,"Coatlicue, Chantico",,
tecciztecatl,Tecciztecatl,"Other name for Metztli. As the god of darkness, snails and worms, he failed to sacrifice himself to become the sun and was trasnformed into the moon. Symbol of cowardice.","fertility, subsistence, destruction","fertility, subsistence, destruction","life, death","life, death","celestial, moon, coward, earth, worm, snail, sun",secondary,,"tezcatlipoca, tlaloc, huitzilopochtli",yes,,Codex Borgia,"Teucciztecatl, Tecuhciztecatl, Tecuciztecal ","Tlaloc, Chalchiuhtlicue, Ehecatl",3,"Nanahuatzin, Coyolxauhqui",,Tonatiuh,1,"Metztli, Coyolxauhqui, Tezcatlipoca, Tlaloc",,Xaltocan
techalotl,Techalotl,"God of dance who was one of the Centzon Totochtin, a group of deities associated with pulque. Could change himself into a fox-squirrel creature that lived in caves.","pleasure, subsistence, magic, excess","pleasure, subsistence, knowledge, excess","life, spiritual expansion","life/death, spiritual expansion","nature, animal, monster, dance, pleasure, excess, pulque",secondary,,"Xipe Totec, Mayahuel",yes,,Codex Magliabechiano,Tecuhalotl,Patecatl,1,"Tomiyauhtecuhtli, Ixquitecatl, Ixtlilton, Ome Totchtli, Macuil Tochtli, Tezcatzoncatl, Tepoztecatl, Centzon Totochtin",,,0,"Mayahuel, Patecatl",,
tepeyollotl,Tepeyollotl,"God of the heart of the mountain. Associated with jaguars, echoes, and earthquakes, he's an aspect of Tezcatlipoca.","destruction, death, hunting","destruction, death, hunting","material expansion, death","material expansion, life/death","death, animal, nature, mountain, earth, sun, jaguar, echoes, earthquake",secondary,,"mictlantecuhtli, tezcatlipoca, tlaltecuhtli",yes,,Codex Borgia,Tepeyollohtli,,0,,,,0,"Tezcatlipoca, Mictlantecuhtli, Tlaltecuhtli",,
tepoztecatl,Tepoztecatl,"One of the 400 Centzon Totochtin, the Aztec gods of pulque. He was, at first, a local fertility deity from the town of Tepoztlan.","pleasure, fertility, subsistence, excess","pleasure, fertility, subsistence, excess","spiritual expansion, life","spiritual expansion, life/death","pulque, animal, alcohol, excess, food, fertility",secondary,,"mayahuel, tlaloc",yes,,Codex Telleriano Remensis,"Tezcatzontecatl, Ehecacone, Tezctzoncatl, Acan, Tezcatonatl","Mayahuel, Patecatl",2,"Ome Tochtli, Tezcatzoncatl, Ixtlilton, Macuil Tochtli, Ixquitecatl, Techalotl, Tomiyauhtecuhtli, Centzon Totochtin",Mayahuel,Centzon Totochtin,1,"Ome Tochtli, Tlaloc, Yacatecuhtli",,"Acan (maya), Tenoch (plumiers et vendeurs de vin)"
teteo_innan ,Teteo Innan ,"Major group of female fertility deities that  combine terror and beauty, life and destruction. Seen as the mother of gods, they are associated with war and birth.","war, destruction, fertility, pleasure","war, destruction, fertility, pleasure","material expansion, life, spiritual expansion","material expansion, life/death, spiritual expansion","earth, fertility, primordial, nature, war, violence, birth",secondary,,"xiuhtecuhtli, huitzilopochtli, tlaltecuhtli",yes,,Codex Borbonicus,"Tetevinan, Teteo Innan, Teteoh Innan, Toci, Tonantzin, Citlalcueyeh, Nantli,  Tlalli iyolloh, Tocih, Temazcaltecih, Tlalli, Tocitzin, Tocicuahuill, Temazcalteci, Tlalli Iyollo, Teteo-Innan-Toci, Chicomexochitl, Chalchiuhcihuatl, Teteoinnan ",,0,Huehuecoyotl,"Huehuecoyotl, Xiuhtecuhtli ","Huitzilopochtli, Centeotl",2,"Coatlicue, Tlazolteotl, Tlaltecuhtli, Ilancueye, Itzpapalotl",,
tezcatlipoca,Tezcatlipoca,"Omnipotent god of rulers, sorcerers or warriors, he rules night, death, discord, conflict, temptation, change and destruction. Symbolized by the jaguar, he's a rival of Quetzalcoatl and one of the most complex Aztec god.","magic, destruction, death, war","knowledge, destruction, death, war","spiritual expansion, death, material expansion","spiritual expansion, life/death, material expansion","primordial, magic, night, death, war, destruction, chaos, north, celestial, evil, destruction, royalty, travel, sacrifice, moon, religion",creation,tezcatlipoca,"yacatecuhtli, xipe totec, quetzalcoatl, huitzilopochtli, tlaloc, ometeotl, tlaltecuhtli, mixcoatl, xochiquetzal, mayahuel, mictlantecuhtli",yes,,Codex Borgia,"Omacatl, Titlacauan/titlacahuan, Tezcatlanextia, Yaotl, Necoc Yaotl, Moyocoya, Necaualpilli, Miquizyaotl, Techimaltini, Teoxonecuilli, Tlacanexquimilli, Tlacatecolotl, Tliltecuhtli, Yayauhqui-Tezcatlipoca, Yoaltecuhtli, Yoalehecatl, Tlamatzincatl, Telpochtli, Moyocoyatzin, Monenegui, Teyocoyani, Teimatini, Yaotzin, Yaotl necoc, Moquequeloa, Nezaualpilli, Tlamatzincatl, Yoalli ehecatl, Chicoyaotl, Moquehqueloa, Moyocoya, Necocyaotzin, Nezahualpilli , Teonexquimilli, Teotlale, Tlanempopolo","Ometecuhtli, Omecihuatl, Ometeotl, Coatlicue, Tonacatecuhtli, Tonacacihuatl, Mixcoatl, Chimalma, Chicomecoatl ",9,"Xipe Totec, Quetzalcoatl, Huitzilopochtli, Tlaloc, Chalchiuhtlicue ","Chicomecoatl, Huixtocihuatl, Xilonen, Xochiquetzal","Chalchiuhtecolotl, Itztli, Chalchiutotolin,  Ome Tochtli, Tlaltecuhtli, Cipactli, Ce Calli, Ce Cuauhtli, Ce Mazatl, Ce Ozomatli, Cipactonal, Oxomoco, Mixcoatl",13,"Tlaloc, Huitzilopochtli, Quetzalcoatl, Piltzintecuhtli, Mixcoatl, Tezcatzoncatl, Omacatl, Ixquitecatl, Chiconahui Ehecatl, Chalchiuhtecolotl, Tlalchi Tonatiuh, Titlacahuan, Tepeyollotl, Tecciztecatl, Nappatecuhtli, Metztli, Ixquimilli, Itztlacoliuhqui, Huehuecoyotl, Ehecatl, Chalchiutotolin, Acxomocuil, Xipe Totec, Tloque Nahuaque, Mictlantecuhtli, Itztli, Malinalxochi, Mixcoatl, Ocelotl, Ome Tochtli, Tecciztecatl, Xiuhtecuhtli, Xoaltecuhtli, Xochipilli, Yacatecuhtli",,"Toltec,  mayan (Yoaltecuhtli)"
tezcatzoncatl,Tezcatzoncatl,"Pulque god and one of the Centzon Totochtin, protectors of the intoxicated. ","pleasure, subsistenc, excess","pleasure, subsistence, excess","life, spiritual expansion","life/death, spiritual expansion","pulque, alcohol, excess, animal, rabbit",secondary,,"Xipe Totec, Mayahuel",,,Codex Magliabechiano,Tezcatzontecatl ,"Patecatl, Mayahuel",2,"Tomiyauhtecuhtli, Techalotl, Ixquitecatl, Ixtlilton, Ome Totchtli, Macuil Tochtli, Tepoztecatl, Centzon Totochtin",,,0,Tezcatlipoca,,
titlacahuan,Titlacahuan,Omnipotent god of destiny with malevolent power. One of the many aspects of Tezcatlipoca.,"magic, destruction, death","knowledge, destruction, death","spiritual expansion, death","spiritual expansion, life/death","fate, evil",secondary,,"tezcatlipoca, yacatecuhtli",yes,,Codex Telleriano Remensis,Titlacauan,,0,,,,0,"Tezcatlipoca, Yacatecuhtli",,
tlacotzontli,Tlacotzontli,"God of roads and protector for merchants. Depicted with a huge coat. To please him, followers would cut themselves along roads and leave him paper banners covered in blood. ",trade,trade,material expansion,material expansion,"travel, trade, sacrifice",secondary,,"yacatecuhtli, quetzalcoatl",yes,,Codex Borgia,"Tlacotontli, Cacatzontli",Yacatecuhtli,1,Zacazontli,,,0,Yacatecuhtli,,
tlahuizcalpantecuhtli,Tlahuizcalpantecuhtli,"Destructive god of the Morning Star, dawn and east. An aspect of Quetzalcoatl which lives in Mictlan. By way of anecdote, he has the longest name in the Aztec pantheon.","destruction, fertility, knowledge","destruction, fertility, knowledge","life, spiritual expansion","life/death, spiritual expansion","sun, death, celestial, destruction, east, science, time, fertility, rebirth, sun, dawn",secondary,,"huitzilopochtli, mixcoatl, quetzalcoatl, tezcatlipoca, mictlantecuhtli",yes,,Codex Laud,"Tlahuizcalpantecutli, Tlahuiazecalpatcuatli, Tlahuizcalpan",,0,"Itztlacoliuhqui, Tonatiuh, Xiuhtecuhtli, Xolotl",,Itztlacoliuhqui ,1,"Quetzalcoatl, Mictlantecuhtli, Itztlacoliuhqui, Ixquimilli, Mixcoatl",,
tlalchi_tonatiuh,Tlalchi Tonatiuh,"Chtonic underworld god. One of the aspect of Tonatiuh, when he makes his daily journey from night to day.","death, fertility","death, fertility","life, death",life/death,"sun, underworld, night",secondary,,"huitzilopochtli, mictlantecuhtli, tezcatlipoca",yes,,Codex Telleriano Remensis,Tlachitonatiuh,Tonatiuh,1,,,,0,"Tonatiuh, Tezcatlipoca",,
tlaloc,Tlaloc,"Main Aztec god, with Huitzilopochtli, who controls rain, hurricanes, fertility and lightning. He’s also associated with springs, mountains and caves. Babies were drowned to give him power. ","fertility, destruction, subistence","fertility, destruction, subistence",life,life/death,"nature, fertility, sacrifice, water, rain, disease, lightning, storm, sea, hurricane, spring, mountain",elemental,tlaloc,"ometeotl, tezcatlipoca, quetzalcoatl, xochiquetzal, mayahuel, mixcoatl, huitzilopochtli",yes,,Codex Borgia,"Nuhualpilli, Oztoteot, Nonoalco, Nonohualco, Tlaloccantecutli, Tlaloctlamacazqui, Tlaloc Tlamacazqui, Epcoa, Epcoatl, Tlalocan Teuctli","Ometecuhtli, Omecihuatl, Ometeotl",3,"Tezcatlipoca, Chalchiuhtlatonac, Ehecatl, Chicomecoatl, Huitzilopochtli, Quetzalcoatl ","Xochiquetzal, Chicomecoatl, Chalchiuhtlicue, Huixtocihuatl, Matlalcueitl, Chalchiuhtlatonac","Tecciztecatl, Ahuitzotl, Tlaloque, Nappatecuhtli, Opochtli, Tomiyauhtecuhtli, Huixtocihuatl, Yauhqueme",8,"Tecciztecatl, Popocatepetl, Yauhqueme, Tomiyauhtecuhtli, Nappatecuhtli, Xochipilli, Tzapatlan Tenen, Tlaloque, Tepoztecatl, Atlaua, Tlaltecuhtli, Quetzalcoatl, Centeotl, Piquete Zina, Quiahuitl, Tezcatlipoca",,
tlaltecayoa,Tlaltecayoa,"One of the numerous gods of pulque, also associated with the roundness of earth.","subsistence, pleasure, fertility, excess","subsistence, pleasure, fertility, excess","life, spiritual expansion","life/death, spiritual expansion","pulque, excess, earth",secondary,,"mayahuel, tlaltecuhtli",yes,,Codex Magliabechiano,,,0,"Tomiyauhtecuhtli, Techalotl, Ixquitecatl, Ixtlilton, Ome Totchtli, Macuil Tochtli, Tepoztecatl, Centzon Totochtin",,,0,"Mayahuel, Tlaltecuhtli",,
tlaltecuhtli,Tlaltecuhtli,"Sea monster, considered as the source of all living things. She's has to be kept benevolent by blood sacrifices, as she swallows the sun each night.","destruction, fertility, death","destruction, fertility, death","death, life",life/death,"earth, birth, children, monster, sacrifice, night, primordial, celestial, sun, life, animal, blood",elemental,Tlaltecuhtli,"quetzalcoatl, tezcatlipoca, huitzilopochtli, tlaloc, ometeotl",yes,,"Detail from
stone sculpture colorized","Tlatecuhtli, Tlalteuctli, Tlalcihuatl","Quetzalcoatl, Tezcatlipoca",2,"Coatlicue, Tlazolteotl, Ce Calli, Ce Cuauhtli, Ce Mazatl, Ce Ozomatli, Huitzilopochtli, Tonatiuh",Tonatiuh,"Chimalma, Itzpapalotl",2,"Tlaloc, Cipactli, Tonatiuh, Omecihuatl, Tepeyollotl, Teteo Innan ",,Tolteque
tlatlauhqui_tezcatlipoca ,Tlatlauhqui Tezcatlipoca,"“Red Smoking Mirror,” nagual of Tezcatlipoca, also identified with Xipe Totec.","craft, fertility, subsistence","trade, fertility, subsistence","material expansion, life","material expansion, life/death","red, east, craft, metal, creation",secondary,,"tezcatlipoca, xipe totec",yes,,Codex Borgia,,,0,,,,0,"Tezcatlipoca, Xipe Totec, Camaxtli",,
tlazolteotl,Tlazolteotl,"Goddess of purification from filth, disease or excess, of sin, love, sex, regret and lamentation. She can turn into four aspects, a young moon, cruel and delightful, a sensual young woman, a priestess who bless married couples and a monster who destroy lovers and steals fortunes.","fertility, pleasure, magic, destruction, excess","fertility, pleasure, knowledge, destruction, excess","life, spiritual expansion","life/death, spiritual expansion","fertility, pleasure, magic, purity, filth, excess, disease, sex, woman, monster, moon",secondary,,"quetzalcoatl, tlaltecuhtli, mayahuel, xochiquetzal, huitzilopochtli",yes,,Codex Laud,"Tlaelquani, Tlazolteotli, Ixcuina, Tlacolteutl, Teicu, Tiacapan, Tlaco, Tlahco, Tlazolcuani, Tlaculteotl, Xocotzin, Xucotzin, Caxxoch, Tlahui, Tlanzolteot, Ceolitzin, Ixcuinan, Tlahelcuani, Tlazolteocihuatl, Ixcuina, Ixcuiname",,0,"Tzitzimime, Tlaltecuhtli, Chimalma, Mayahuel, Coatlicue, Ce Calli, Ce Cuauhtli, Ce Mazatl, Ce Ozomatli, Centeotl","Quetzalcoatl, Xolotl","Centeotl, Xochiquetzal, Ixcuina, Huixtocihuatl, Ce Calli, Ce Cuauhtli, Ce Mazatl, Ce Ozomatli, Itzpapalotl",9,"Coyolxauhqui, Teteo Innan, Chalmecacihuatl, Coatlicue, Ixcuina, Mayahuel",,huaxteque
tlazopilli,Tlazopilli,"Fertility god, and nagual of Xochipilli, worshipped during the seventh month of the Mexica calendar system.",fertility,fertility,life,life/death,fertility,secondary,,"Xipe Totec, Xochipilli",yes,,Codex Magliabechiano,,,0,,,,0,Xochipilli,,
toci,Toci,Nagual of Coatlicue and Xochitlicue associated with healing and venerated by curers of ailments and midwives.,"fertility, magic, knowledge","fertility, knowledge","life, spiritual expansion","life/death, spiritual expansion","fertility, birth, healing",secondary,,tlaltecuhtli,yes,,Codex Borbonicus,,,0,Coatlicue,,,0,"Coatlicue, Toci, Teteo Innan, Xochitlicue, Tlaltecuhtli",,
tomiyauhtecuhtli,Tomiyauhtecuhtli,"Minor rain and fertility god associated with a mountain, probably close to Lake Chalco and Xochimilco. ",fertility,fertility,life,life/death,"rain, fertility, mountain",secondary,,"tlaloc, mayahuel",yes,,Primeros memoriales,"Tomiyauhteuctli, Tomiyauh, Tomiyauhtecuhtli","Patecatl, Mayahuel, Chalchiuhtlicue, Tlaloc",4,"Techalotl, Ixquitecatl, Ixtlilton, Ome Tochtli, Macuil Tochtli, Tezcatzoncatl, Tepoztecatl, Tlaloque, Centzon Totochtin, Itzaccihuatl, Ome Tochtli, Quiahuitl",,,0,"Tlaloc, Ome Tochtli",,Chinampaneca
tonacacihuatl ,Tonacacihuatl ,Creator goddess that seems to be a terrestrial representation of Omecihuatl. ,fertility,fertility,life,life/death,"primordial, celestial, creation",secondary,,"ometeotl, xochiquetzal",yes,,Codex Fejervary-Mayer,,,0,,Tonacatecuhtli,"Camaxtli, Chantico, Mixcoatl, Quetzalcoatl, Tezcatlipoca",5,"Omecihuatl, Xochiquetzal, Ometeotl",,
tonacatecuhtli,Tonacatecuhtli,"Possibly an aspect of Ometecuhtli, associated with agriculture and fate. Depicted as a wrinkled man, he was the god of sustenance.","fertility, subsistence","fertility, subsistence",life,life/death,"fertility, nature, primordial, celestial, fate, agriculture, old",secondary,,"ometeotl, xiuhtecuhtli",yes,,Codex Borgia,Tonacateuctli,,0,,Tonacacihuatl ,"Camaxtli, Chantico, Mixcoatl, Quetzalcoatl, Tezcatlipoca",5,"Ometecuhtli, Cipactonal, Oxomoco, Ometeotl",,Chichimec
tonantzin,Tonantzin,"Honorific title for the earth goddess like Toci, Coatlicue or Tlaltecuhtli. Her temple on the hill of Tepeyac seems to be the first place for the apparition of the Virgin of Guadalupe.","fertility, subsistence","fertility, subsistence",life,life/death,"earth, fertility, birth",secondary,,Tlaltecuhtli,yes,,Codex Borgia,,,0,,,,0,"Toci, Coatlicue, Teteo Innan, Tlaltecuhtli",,
tonatiuh,Tonatiuh,"Sun god, protector of the warriors and symbolized by the eagle, he presides over the fifth (and actual) world age. The gods sacrificed themselves to create him and man has to give him enough energy, through blood, to battle against darkness.","fertility, war","fertility, war","life, material expansion","life/death, material expansion","sun, war, east, underworld, celestial, eagle",secondary,,"huitzilopochtli, quetzalcoatl, xiuhtecuhtli, tlaltecuhtli, mixcoatl, mayahuel, tezcatlipoca, xochiquetzal, mictlantecuhtli",yes,,Codex Cospi,,"Nanahuatzin, Tecciztecatl, Xolotl, Quetzalcoatl, Ehecatl",5,"Huitzilopochtli, Tlaltecuhtli, Tlahuizcalpantecuhtli, Itztlacoliuhqui, Chiconahui Ehecatl, Quetzalcoatl ","Tlaltecuhtli, Opochtli","Centeotl, Huitzilopochtli, Itztlacoliuhqui, Tlalchi Tonatiuh",4,"Xiuhtecuhtli, Ixcozauhqui, Xochipilli, Nanahuatzin, Piltzintecuhtli, Centeotl, Quetzalcoatl, Tlaltecuhtli, Tlalchi Tonatiuh, Mictlantecuhtli, Huitzilopochtli, Ilhuicamina",,"Chichimec, Teotihuacan, Mexico, Guatemala, Tenochtitlan"
tzapatlantenen,Tzapatlan Tenen,"Goddess of nature, especially resin and turpentine which is used for healing ointments.","knowledge, subsistence, craft","knowledge, subsistence, trade","life, material expansion, spiritual expansion","life/death, material expansion, spiritual expansion","healing, medicine, resin",secondary,,"tlaloc, mayahuel",yes,,Florentine Codex,"Tzapotla Tena, Tzapotlatena, Zapotlantenan, Zapotlan Tenan",,0,,,,0,"Tlaloc, Chalchiuhtlicue, Yacatecuhtli",,Tzalopan
tzitzimime,Tzitzimime,"Monstruous form of the Cihuateteto, the spirits of women who had died while giving birth, especially dangerous during solar eclipses. Their ruler is Tzitzimitl or Itzpapalotl.","fertility, death, destruction","fertility, death, destruction","life, death",life/death,"death, fertility, birth, violence, blood, night",secondary,,tlaltecuhtli,yes,,Codex Magliabechiano,"Tzitzimimeh, Tetzauhcíhuatl, Tezauhcihuame","Itzpapalotl, Tzitzimitl",2,"Ce Calli, Ce Cuauhtli, Ce Mazatl, Ce Ozomatli",,,0,"Itzpapalotl, Tzitzimitl, Coatlicue, Tlaltecuhtli",,
tzitzimitl,Tzitzimitl,"Aged goddess of inertia and alcohol which ruled the Tzitzimime, who lived in the night sky.","fertility, pleasure, excess, destruction","fertility, pleasure, excess, destruction","life, death, spiritual expansion","life/death, spiritual expansion","earth, night, fertility, primordial, alcohol, inertia",secondary,,"mayahuel, tlaltecuhtli",yes,,Codex Tudela,"Tetzauhcihuatl,  Tezauhcihuame",,0,"Coatlicue, Citlalicue, Tzitzimitl, Ce Calli, Ce Cuauhtli, Ce Mazatl, Ce Ozomatli",,"Tzitzimime, Itzpapalotl, Mayahuel",3,"Omecihuatl, Coatlicue",,
uappatzin,Uappatzin,"Patron deity of tlachtli, an Aztec game where the ball represented the sun. Servant of Huitzilopochtli, this deity is also associated with warfare.","pleasure, war","pleasure, war","spiritual expansion, material expansion","spiritual expansion, material expansion","pleasure, war, game, ball",secondary,,huitzilopochtli,yes,,Codex Borgia,Huappatzin,Huitzilopochtli ,1,"Painal, Amapan",,,0,Huitzilopochtli,,
xilonen,Xilonen,"Local vegetation goddess, associated with corn. She's an aspect of the maize goddess Chicomecoatl, personifying the sweet and young maize plant.","fertility, subsistence","fertility, subsistence",life,life/death,"fertility, maize, corn, youth",secondary,,"mayahuel, tlaloc, tezcatlipoca, xochiquetzal",yes,,Codex Maglabecchiano ,"Xilonemin, Chicomecoatl, Chalchiuhcihuatl",,0,"Xochiquetzal, Huixtocihuatl, Chalchiuhtlicue",Tezcatlipoca ,,0,"Chicomecoatl, Chalchiuhtlicue, Centeotl, Coatlicue, Ilamacihuatl",,
xipe_totec,Xipe Totec,"Fierce god of agriculture, fertility, seasons and renewal, he was also a protector of gold workers, jewelers and warriors. He flayed himself to give humanity food, and was shown as wearing a flayed human skin.","fertility, craft, war, pleasure, subsistence","fertility, trade, war, pleasure, subsistence","life, material expansion, spiritual expansion","life/death, material expansion, spiritual expansion","primordial, fertility, craft, rebirth, trade, war, east, sacrifice, west, youth, male, love, agriculture, gold, ewel, blood",creation,xipe totec,"mixcoatl, quetzalcoatl, huitzilopochtli, tezcatlipoca, ometeotl, mayahuel, tlaltecuhtli",yes,,Codex Borgia,"Tlatlauhqui Tezcatlipoca, Yopi,  Xipe-Totec-Tllatlauhquitezcatl, Tlatlauhqui Texcatl, Yohuallahuantzin, Oxipe, Teteucxipe, Tlacaxipehualiztli, Yohuallahuan, Yopih, Itzpapalotltotec, Tlatlauhqui-Tezcatlipoca, Tlatlauhcatezcatlipoca","Ometeotl, Ometecuhtli, Omecihuatl",3,"Quetzalcoatl, Huitzilopochtli, Tezcatlipoca, Mixcoatl, Coyolxauhqui, Itzpapalotl, Huehuecoyotl",Chimalma,"Cipactonal, Oxomoco, Mixcoatl, Nanahuatzin ",4,"Tezcatlipoca, Mixcoatl, Camaxtli, Centeotl, Chiconahui Ehecatl, Itztapaltotec",,"yopihmeh, Guerrero, Oaxaca"
xiuhcoatl,Xiuhcoatl,A serpentine embodiment of the sun's rays and an emblem of the god Xiuhtecuhtli. Huitzilopochtli used it to kill Coyolxauhqui and the Centzon Huitznahua.,"subsistence, war","subsistence, war","life, material expansion","life/death, material expansion","sun, fire, snake",secondary,,"xiuhtecuhtli, huitzilopochtli",yes,,Detail of the Aztec sun stone displayed in the National Anthropology Museum in Mexico City,,"Huitzilopochtli, Xiuhtecuhtli",2,,,,0,Xiuhtecuhtli,,
xiuhtecuhtli,Xiuhtecuhtli,"God of fire and time, protector of kings, warriors and pochtecas. One of the oldest cults in Aztec mythology. He's also deeply conected with birth.","war, trade, fertility, craft","war, trade, fertility","material expansion, life","material expansion, life/death","primordial, fire, earth, time, sacrifice, war, trade, birth",elemental,xiuhtecuhtli,"yacatecuhtli, ometeotl, tlaltecuhtli, mictlantecuhtli, mixcoatl, tlaloc, tezcatlipoca, huitzilopochtli, xochiquetzal",yes,,Codex Borgia,"Xiuhteuctli, Tlalxictentica, Milintoc, Xiuhtototl, Ybebeyoban, Nauhyoteuctli, Nauhyoueye, Huehueteotl, Otonteuctli, Xocotl, Nauhyohuehue, Tlalxictenticah, Xippilli, Xippil, Cuecaltzin, Huehuetiliztli, Viveteutl, Nauhyoteuctli","Ometeotl, Ometecuhtli, Omecihuatl",3,"Mictlantecuhtli, Xochipilli, Tlahuizcalpantecuhtli, Mixcoatl, Itzpapalotl, Coyolxauhqui","Chantico, Chiconahui Itzcuintli, Acuecucyoticihuati, Xochiquetzal, Teteo Innan, Chalchiuhtlicue",Xiuhcoatl,1,"Ixcozauhqui, Ilhuicamina, Coyotlinaual, Ahkinshok, Xiuhcoatl, Ixtlilton, Tezcatlipoca, Huitzilopochtli, Otontecuhtli, Huehuecoyotl, Yacatecuhtli, Ometecuhtli, Tonatiuh, Huehueteotl, Ometeotl",,Otomis
xoaltecuhtli,Xoaltecuhtli,"God of night, sleep and dreams. Messenger of Mictlantecuhtli.","death, magic","death, knowledge","death, spiritual expansion","life/death, spiritual expansion","dream, night, sleep, death",secondary,,,yes,,Codex Borgia,,Mictlantecuhtli,1,Miquiztlitecuhtli,,,0,"Mictlantecuhtli, Tezcatlipoca",,
xochipilli ,Xochipilli ,"Young god of feasting, painting, dancing, games and writing. He represents the masculine aspect of eroticism, with its pleasures, dangers and responsibilities.","craft, fertility, pleasure, destruction, magic, excess","trade, fertility, pleasure, destruction, knowledge, excess","life, material expansion, spiritual expansion","life/death, material expansion, spiritual expansion","art, fertility, pleasure, excess, dance, game, education, love, summer, rain, lust, painting, writing, eroticism, sex, danger",secondary,,"mayahuel, tlaloc, xochiquetzal, xiuhtecuhtli, tezcatlipoca, quetzalcoatl, huitzilopochtli",yes,,Codex Borgia,"Xochipili, Chicomexochitl, Macuil Xochitl, Piltzintecuhtli-Tonatiuh, Papaloxahual-Xochipilli, Xochipilli-Centeotl, Xochiquetzal",,0,"Xochiquetzal, Ixtlilton, Xiuhtecuhtli","Mayahuel, Xochiquetzal","Macuil Xochitl, Macuil Tochtli, Macuil Malinalli, Macuil Cuetzpalin, Macuil Cozcacuahtli , Centeotl, Chicome Xochitl",7,"Xochiquetzal, Tlaloc, Centeotl, Xiuhtecuhtli, Macuil Xochitl, Tonatiuh, Tezcatlipoca, Quetzalcoatl, Chalchiuhtlatonac, Macuil Cozcacuahtli, Macuil Cuetzpalin, Macuil Malinalli, Macuil Ocelotl, Macuil Tochtli, Macuil Xochitl, Piltzintecuhtli, Tlazopilli",,Xochimilco
xochiquetzal,Xochiquetzal,"Goddess of female sexuality, prostitutes, homosexuals, young mothers, flowers, pleasure and craft (embroiders, weavers, silversmiths and sculptors).","pleasure, craft, fertility, excess","pleasure, trade, fertility, excess","material expansion, life, spiritual expansion","material expansion, life/death, spiritual expansion","pleasure, craft, nature, arts, excess, love, sex, craft, fertility, house, birth, game, prostitute",human,xochiquetzal,"mixcoatl, tlaloc, mayahuel, tlaltecuhtli, quetzalcoatl, huitzilopochtli, tezcatlipoca, xiuhtecuhtli",yes,,Codex Borbonicus,Xochiquetzalli,"Xolotl, Tlazolteotl, Quetzalcoatl, Huitzilopochtli",4,"Xochipilli, Huixtocihuatl, Macuil Xochitl, Chalchiuhtlicue","Tlaloc, Tezcatlipoca, Centeotl, Xiuhtecuhtli, Mixcoatl, Piltzintecuhtli, Quetzalcoatl, Xochipilli, Otontecuhtli, Xilonen, Xolotl","Macuil Xochitl, Macuil Tochtli, Macuil Malinalli, Macuil Cuetzpalin, Macuil Cozcacuahtli, Centeotl, Piltzintecuhtli, Quetzalcoatl ",8,"Xochipilli, Ce Mazatl, Coatlicue, Ilamacihuatl, Ixnextli, Yacatecuhtli",,
xolotl,Xolotl,"Canine companion and/or twin brother of Quetzalcoatl. God of twins, fire, sickness, deformity and bad luck, he accompanied the dead to Mictlan and nourrished the first men of the fifth sun.","death, destruction, magic, subsistence, fertility","death, destruction, knowledge, subsistence, fertility","death, spiritual expansion, life","life/death, spiritual expansion","animal, death, disease, lightning, underworld, game, north, celestial, rebirth, food, luck, fate, fire, magic, dog, sickness, bad luck",secondary,,"quetzalcoatl, mictlantecuhtli, tlaltecuhtli, xochiquetzal",yes,,Codex Borgia,Xolotol,"Coatlicue, Chantico, Mictlantecuhtli",3,"Tlahuizcalpantecuhtli, Quetzalcoatl, Huehuecoyotl, Huitzilopochtli, Itzcuintli, Nanahuatzin, Yacatecuhtli","Xochiquetzal, Cuaxolotl","Tonatiuh, Xochiquetzal",2,"Quetzalcoatl, Cuaxolotl, Nanahuatzin ",,
yacapitzahuac,Yacapitzahuac,Minor god of commerce and merchants.,trade,trade,material expansion,material expansion,"trade, travel, road, trading, merchant",secondary,,yacatecuhtli,yes,,Florentine Codex,Yacapitzaoc,,0,"Zacatzontli, Acxomocuil, Ixcozauhqui, Tlacotzontli",,,0,Yacatecuhtli,,
yacatecuhtli,Yacatecuhtli,"God of merchants and travelers, especially pochtecas. Depicted as a man with a long nose and a stick, he opens the way for gods to travel to the mortal world and also clears a path for the imperial armies. ","trade, war","trade, war",material expansion,material expansion,"travel, trade, war, road",human,yacatecuhtli,"quetzalcoatl, xochiquetzal, mayahuel, tlaltecuhtli, huitzilopochtli, xiuhtecuhtli, tezcatlipoca, mixcoatl",yes,,Codex Fejervary-Mayer,"Yactecuhtli, Yiacatecutli, Yacacoliuhqui, Ollohqueh, Iyahcateuctli, Yacapitzahuac, Tacatecutli, Ek Chuah, Ekchuah","Xiuhtecuhtli, Tezcatlipoca, Mixcoatl, Huehuecoyotl, Quetzalcoatl",5,"Xolotl, Chalmecacihuatl",,"Macuil Tochtli, Macuil Ocelotl, Coyotlinaual, Tepoztecatl, Nappatecuhtli, Xochiquetzal, Tzapatlan Tenen, Itztapaltotec, Centeotl, Otontecuhtli, Xiuhtlati,  Tlacotzontli, Ixcozauhqui, Coyotlinaual, Amimitl, Titlacahuan, Huixtocihuatl, Acxomocuil",19,"Macuil Tochtli, Macuil Ocelotl, Coyotlinaual, Tepoztecatl, Nappatecuhtli, Xochiquetzal, Tzapatlan Tenen, Itztapaltotec, Centeotl, Otontecuhtli, Tlacotzontli, Ixcozauhqui, Amimitl, Huehuecoyotl, Quetzalcoatl, Titlacahuan, Huixtocihuatl, Acxomocuil, Chiconahui Itzcuintli, Xiuhtecuhtli, Tezcatlipoca, Mixcoatl ",,nahua
yauhqueme ,Yauhqueme ,"God of flowering plant families including asclepias, asteraceae, rosaceae, guttiferae and hypericaceae. They are identified as one of the four Tlaloque.","fertility, subsistence","fertility, subsistence",life,life/death,"water, fertility, plants",secondary,,tlaloc,yes,,Florentine Codex,,"Tlaloc, Chalchiuhtlicue",2,"Opochtli, Nappatecuhtli, Tomiyauhtecuhtli, Itzaccihuatl, Quiahuitl",,,0,Tlaloc,,
yohual_tonatiuh,Yohual Tonatiuh,"Form of Tonatiuh, the sun god, when he makes its way from day to night.","death, fertility","death, fertility","life, death",life/death,"sun, night",secondary,,huitzilopochtli,yes,,Codex Borgia,,,0,,,,0,Tonatiuh,,
yohualticitl,Yohualticitl,"Goddess of steam baths, which were strongly related to pregnant women and the symbolism of the womb.","fertility, subsistence","fertility, subsistence",life,life/death,"night, birth, children, cooking, child, purity, clean, food, life, steam, clean",secondary,,tlaloc,yes,,Codex Fejervary-Mayer,,,0,"Chicomecoatl, Chalchiuhtlicue, Huixtocihuatl, Tlaloque",,,0,"Chicomecoatl, Chalchiuhtlicue, Huixtocihuatl",,
youaltepuztli,Youaltepuztli,"Nocturnal collecting-soul monster, depicted as a beheaded cadaver with a hole in his torso, opening and closing rapidly with a terrific sound. The bravest could try to pick his black heart and crush it to make him disappear.  ","death, destruction","death, destruction",death,life/death,"death, night, monster, soul",secondary,,tezcatlipoca,yes,,Florentine Codex,,"Tezcatlipoca, Mictlantecuhtli",2,,,,0,"Tezcatlipoca, Mictlantecuhtli",,
zacatzontli,Zacatzontli,God of roads and protector for merchants.,trade,trade,material expansion,material expansion,"trade, travel, road, trading, merchant",secondary,,Yacatecuhtli,yes,,Codex Borgia,,,0,Tlacotzontli,,,0,Yacatecuhtli,,